row_uid,independent_group,position_level,task_id,object_name,fold,true_pixel_row,true_pixel_col,predicted_pixel_row,predicted_pixel_col,pixel_l2,true_world_x,true_world_y,true_world_z,predicted_z_neural_global,predicted_z_neural_local,predicted_z_object_median,z_abs_neural_global,z_abs_neural_local,z_abs_object_median,world_xy_l2_neural_global,world_xy_l2_neural_local,world_xy_l2_object_median,world_xyz_l2_neural_global,world_xyz_l2_neural_local,world_xyz_l2_object_median,peak_probability,entropy,score_range
signed_vof_new_task_holdout_20260903__position_x0p2_task6_init15_24|libero_object_temp__task6__init16__rollout0__query4,x0.2|task6|init16,x0.2,6,butter,2,152.0,59.0,155.0,59.0,3.0,0.02821451425552368,-0.24009154736995697,0.008695477619767189,0.011655326001346111,0.0,0.008695477619767189,0.0029598483815789223,0.008695477619767189,0.0,0.01901710373545979,0.003203875235929161,0.014942688989457274,0.01924606289419148,0.009266938413698031,0.014942688989457274,0.11583694815635681,0.2834138870239258,39.339935302734375
signed_vof_new_task_holdout_20260903__position_x0p2_task6_init15_24|libero_object_temp__task6__init16__rollout1__query4,x0.2|task6|init16,x0.2,6,butter,2,153.0,58.0,155.0,59.0,2.23606797749979,0.028599292039871216,-0.2419682741165161,0.008695477619767189,0.011438257060945034,0.0,0.008695477619767189,0.002742779441177845,0.008695477619767189,0.0,0.018800052055496827,0.0030261763990723518,0.015011886161881437,0.018999073565633098,0.009207012253395482,0.015011886161881437,0.113589346408844,0.28351274132728577,40.415428161621094
signed_vof_new_task_holdout_20260903__position_x0p2_task6_init15_24|libero_object_temp__task6__init17__rollout0__query4,x0.2|task6|init17,x0.2,6,butter,2,151.0,58.0,155.0,59.0,4.123105625617661,0.02190229296684265,-0.24455413222312927,0.008695477619767189,0.012809150852262974,0.0,0.008695477619767189,0.004113673232495785,0.008695477619767189,0.0,0.027857658046848692,0.010201652807010311,0.02218011948720492,0.02815974821121286,0.013404665271115628,0.02218011948720492,0.10918246954679489,0.29433298110961914,34.561676025390625
signed_vof_new_task_holdout_20260903__position_x0p2_task6_init15_24|libero_object_temp__task6__init17__rollout1__query4,x0.2|task6|init17,x0.2,6,butter,2,151.0,59.0,155.0,59.0,4.0,0.017097512260079384,-0.2408417910337448,0.008695477619767189,0.00888846442103386,0.007827716879546642,0.008695477619767189,0.00019298680126667023,0.0008677607402205467,0.0,0.02631245278614246,0.024862308541636742,0.02604849246136073,0.026313160500563957,0.024877447512190863,0.02604849246136073,0.18268276751041412,0.2559908926486969,40.156455993652344
signed_vof_new_task_holdout_20260903__position_x0p2_task6_init15_24|libero_object_temp__task6__init19__rollout0__query4,x0.2|task6|init19,x0.2,6,butter,2,152.0,56.0,155.0,59.0,4.242640687119285,0.027218250557780266,-0.24924924969673157,0.008695477619767189,0.012844671495258808,0.0,0.008695477619767189,0.004149193875491619,0.008695477619767189,0.0,0.025049228448148247,0.009479802481442605,0.01961961488539892,0.025390542642171644,0.01286382470818992,0.01961961488539892,0.0905999094247818,0.3221617341041565,35.78759002685547
signed_vof_new_task_holdout_20260903__position_x0p2_task6_init15_24|libero_object_temp__task6__init19__rollout1__query4,x0.2|task6|init19,x0.2,6,butter,2,152.0,57.0,155.0,59.0,3.605551275463989,0.02674720622599125,-0.24883165955543518,0.008695477619767189,0.012737755663692951,0.0,0.008695477619767189,0.004042278043925762,0.008695477619767189,0.0,0.025091712898157058,0.009329407833371403,0.019756398997510874,0.025415232990235317,0.01275339882373494,0.019756398997510874,0.09230969846248627,0.31710106134414673,36.3223876953125
invariant_cate_reserve_holdout_20260903__position_y0p1_task6_init5_14|libero_object_temp__task6__init10__rollout0__query4,y0.1|task6|init10,y0.1,6,butter,2,130.0,83.0,131.0,83.0,1.0,-0.1181935966014862,-0.17529357969760895,0.008695477619767189,0.010678505524992943,0.0,0.008695477619767189,0.001983027905225754,0.008695477619767189,0.0,0.01058606805397823,0.006439776711937639,0.0074250258941258385,0.010770201321997767,0.010820446161572378,0.0074250258941258385,0.39089760184288025,0.19055183231830597,44.89430236816406
invariant_cate_reserve_holdout_20260903__position_y0p1_task6_init5_14|libero_object_temp__task6__init10__rollout1__query4,y0.1|task6|init10,y0.1,6,butter,2,130.0,83.0,131.0,83.0,1.0,-0.11846189945936203,-0.17516392469406128,0.008695477619767189,0.009125204756855965,0.0,0.008695477619767189,0.00042972713708877563,0.008695477619767189,0.0,0.008351472127947176,0.006196345348963864,0.00766640673477276,0.00836252067956959,0.010677360475299977,0.00766640673477276,0.37743428349494934,0.18480154871940613,45.98965072631836
invariant_cate_reserve_holdout_20260903__position_y0p1_task6_init5_14|libero_object_temp__task6__init14__rollout0__query4,y0.1|task6|init14,y0.1,6,butter,2,129.0,83.0,131.0,83.0,2.0,-0.12756597995758057,-0.17644234001636505,0.008695477619767189,0.009049689397215843,0.0,0.008695477619767189,0.0003542117774486542,0.008695477619767189,0.0,0.01742303718409558,0.0030113462569702452,0.01685845580045273,0.017426637389400763,0.00920214851625645,0.01685845580045273,0.2600064277648926,0.2544790208339691,37.944610595703125
invariant_cate_reserve_holdout_20260903__position_y0p1_task6_init5_14|libero_object_temp__task6__init14__rollout1__query4,y0.1|task6|init14,y0.1,6,butter,2,129.0,83.0,131.0,83.0,2.0,-0.12629283964633942,-0.17596863210201263,0.008695477619767189,0.010045688599348068,0.0,0.008695477619767189,0.0013502109795808792,0.008695477619767189,0.0,0.017682170842597333,0.0017577102056831604,0.01553098810186167,0.01773364698521373,0.008871351430477478,0.01553098810186167,0.3272651731967926,0.20831429958343506,41.92872619628906
invariant_cate_reserve_holdout_20260903__position_y0p1_task6_init15_24|libero_object_temp__task6__init19__rollout0__query4,y0.1|task6|init19,y0.1,6,butter,2,130.0,82.0,131.0,83.0,1.4142135623730951,-0.11973105370998383,-0.17774076759815216,0.008695477619767189,0.009794456884264946,0.0,0.008695477619767189,0.001098979264497757,0.008695477619767189,0.0,0.011338351758671945,0.005049943892996936,0.009628487333686228,0.011391486998069005,0.010055509154602222,0.009628487333686228,0.32377293705940247,0.22889108955860138,40.904659271240234
invariant_cate_reserve_holdout_20260903__position_y0p1_task6_init15_24|libero_object_temp__task6__init19__rollout1__query4,y0.1|task6|init19,y0.1,6,butter,2,130.0,82.0,131.0,83.0,1.4142135623730951,-0.11968031525611877,-0.17882105708122253,0.008695477619767189,0.008735818788409233,0.0,0.008695477619767189,4.034116864204407e-05,0.008695477619767189,0.0,0.010123885920237132,0.0055094607355237165,0.010063220567988819,0.010123966294682289,0.010293953984361384,0.010063220567988819,0.2856508791446686,0.2457834929227829,40.28887176513672
invariant_cate_reserve_holdout_20260903__position_y0p1_task6_init15_24|libero_object_temp__task6__init21__rollout0__query4,y0.1|task6|init21,y0.1,6,butter,2,130.0,81.0,131.0,83.0,2.23606797749979,-0.12024828791618347,-0.18138857185840607,0.008695477619767189,0.008872861042618752,0.0,0.008695477619767189,0.0001773834228515625,0.008695477619767189,0.0,0.012223394811231155,0.006697835808391613,0.0119750208242837,0.012224681819578588,0.010975989046643814,0.0119750208242837,0.20047889649868011,0.2855551540851593,40.235267639160156
invariant_cate_reserve_holdout_20260903__position_y0p1_task6_init15_24|libero_object_temp__task6__init21__rollout1__query4,y0.1|task6|init21,y0.1,6,butter,2,130.0,82.0,131.0,83.0,1.4142135623730951,-0.11838006973266602,-0.17963573336601257,0.008695477619767189,0.00871565006673336,0.0,0.008695477619767189,2.0172446966171265e-05,0.008695477619767189,0.0,0.009451777199510169,0.00704029823400213,0.009423281736131958,0.009451798725999029,0.011188258589233875,0.009423281736131958,0.23676390945911407,0.2674466371536255,42.03981018066406
invariant_cate_reserve_holdout_20260903__position_y0p1_task6_init15_24|libero_object_temp__task6__init22__rollout0__query4,y0.1|task6|init22,y0.1,6,butter,2,130.0,82.0,131.0,83.0,1.4142135623730951,-0.11846187710762024,-0.17897957563400269,0.008695477619767189,0.009239651262760162,0.0,0.008695477619767189,0.0005441736429929733,0.008695477619767189,0.0,0.009905509854868261,0.006675774312788069,0.009107086067103278,0.009920446080626642,0.010962540477058823,0.009107086067103278,0.2801431119441986,0.2485664337873459,41.154052734375
invariant_cate_reserve_holdout_20260903__position_y0p1_task6_init15_24|libero_object_temp__task6__init22__rollout1__query4,y0.1|task6|init22,y0.1,6,butter,2,130.0,82.0,131.0,83.0,1.4142135623730951,-0.11682915687561035,-0.17888230085372925,0.008695477619767189,0.008702527731657028,0.0,0.008695477619767189,7.050111889839172e-06,0.008695477619767189,0.0,0.007751334328462581,0.008162455485688513,0.007741619907466088,0.007751337534624597,0.011926315885122218,0.007741619907466088,0.2720927596092224,0.2519550919532776,41.157386779785156
invariant_cate_reserve_holdout_20260903__position_y0p1_task6_init15_24|libero_object_temp__task6__init23__rollout0__query4,y0.1|task6|init23,y0.1,6,butter,2,129.0,82.0,131.0,83.0,2.23606797749979,-0.1257878541946411,-0.17826884984970093,0.008695477619767189,0.009330488741397858,0.0,0.008695477619767189,0.0006350111216306686,0.008695477619767189,0.0,0.0165207889894833,0.0023517430426364017,0.015514635364813265,0.016532988476365282,0.00900788689840524,0.015514635364813265,0.2439698874950409,0.2642289698123932,38.967411041259766
invariant_cate_reserve_holdout_20260903__position_y0p1_task6_init15_24|libero_object_temp__task6__init23__rollout1__query4,y0.1|task6|init23,y0.1,6,butter,2,129.0,82.0,131.0,83.0,2.23606797749979,-0.12552288174629211,-0.17913226783275604,0.008695477619767189,0.00975075364112854,0.0,0.008695477619767189,0.001055276021361351,0.008695477619767189,0.0,0.01718931780808751,0.0030264292826027313,0.015529490850192918,0.01722167977256268,0.009207095374680733,0.015529490850192918,0.22775739431381226,0.2723812758922577,38.30975341796875
invariant_cate_reserve_holdout_20260903__position_y0p2_task6_init15_24|libero_object_temp__task6__init16__rollout0__query4,y0.2|task6|init16,y0.2,6,butter,2,129.0,102.0,84.0,84.0,48.46648326421054,-0.12199996411800385,-0.10095890611410141,0.008695477619767189,0.027156544849276543,0.18215490877628326,0.008695477619767189,0.018461067229509354,0.17345943115651608,0.0,0.409264973926825,0.07474668971849315,0.4512260111123898,0.4096811319631125,0.1888789079834348,0.4512260111123898,0.06216070428490639,0.45631271600723267,15.792364120483398
invariant_cate_reserve_holdout_20260903__position_y0p2_task6_init15_24|libero_object_temp__task6__init16__rollout1__query4,y0.2|task6|init16,y0.2,6,butter,2,129.0,102.0,84.0,84.0,48.46648326421054,-0.12199996411800385,-0.10095890611410141,0.008695477619767189,0.027353079989552498,0.18298761546611786,0.008695477619767189,0.01865760236978531,0.17429213784635067,0.0,0.40881865059327294,0.0734773195831888,0.4512260111123898,0.4092441755225035,0.18914720671524957,0.4512260111123898,0.061885766685009,0.45881569385528564,15.67764663696289
invariant_cate_reserve_holdout_20260903__position_y0p1_task8_init5_14|libero_object_temp__task8__init10__rollout0__query4,y0.1|task8|init10,y0.1,8,chocolate pudding,2,128.0,84.0,131.0,84.0,3.0,-0.12276221811771393,-0.17130334675312042,0.013065477833151817,0.026300642639398575,0.0,0.013065477833151817,0.013235164806246758,0.013065477833151817,0.0,0.03996257228599573,0.002078326445722403,0.01888374698808172,0.0420972299701767,0.013229744964419027,0.01888374698808172,0.31404146552085876,0.21125544607639313,52.62425231933594
invariant_cate_reserve_holdout_20260903__position_y0p1_task8_init5_14|libero_object_temp__task8__init10__rollout1__query4,y0.1|task8|init10,y0.1,8,chocolate pudding,2,128.0,84.0,131.0,84.0,3.0,-0.12295766919851303,-0.17142321169376373,0.013065477833151817,0.026465248316526413,0.0,0.013065477833151817,0.013399770483374596,0.013065477833151817,0.0,0.04043596384577682,0.0018491249666491686,0.019093185266536108,0.0425983687615393,0.013195680132182152,0.019093185266536108,0.31374427676200867,0.21120509505271912,53.050140380859375
invariant_cate_reserve_holdout_20260903__position_y0p1_task8_init5_14|libero_object_temp__task8__init14__rollout0__query4,y0.1|task8|init14,y0.1,8,chocolate pudding,2,129.0,84.0,131.0,84.0,2.0,-0.12075822800397873,-0.17232321202754974,0.013065477833151817,0.025353554636240005,0.0,0.013065477833151817,0.012288076803088188,0.013065477833151817,0.0,0.03664578810758448,0.003801819480504003,0.017074257680773204,0.03865113992555167,0.013607370883860014,0.017074257680773204,0.29684367775917053,0.2148914635181427,52.94329833984375
invariant_cate_reserve_holdout_20260903__position_y0p1_task8_init5_14|libero_object_temp__task8__init14__rollout1__query4,y0.1|task8|init14,y0.1,8,chocolate pudding,2,129.0,84.0,131.0,84.0,2.0,-0.12061967700719833,-0.17206375300884247,0.013065477833151817,0.02572489157319069,0.0,0.013065477833151817,0.012659413740038872,0.013065477833151817,0.0,0.037054444866936376,0.003950409778120844,0.01688777096605661,0.03915728081261916,0.013649631805424433,0.01688777096605661,0.304542601108551,0.21183793246746063,53.682472229003906
invariant_cate_reserve_holdout_20260903__position_y0p1_task8_init15_24|libero_object_temp__task8__init17__rollout0__query4,y0.1|task8|init17,y0.1,8,chocolate pudding,2,129.0,84.0,131.0,84.0,2.0,-0.12190548330545425,-0.17044717073440552,0.013065477833151817,0.02581247314810753,0.0,0.013065477833151817,0.012746995314955711,0.013065477833151817,0.0,0.03821768402207915,0.0032638284866351513,0.01793953541672172,0.04028743304767613,0.013466970238281237,0.01793953541672172,0.30807530879974365,0.21552355587482452,51.85868453979492
invariant_cate_reserve_holdout_20260903__position_y0p1_task8_init15_24|libero_object_temp__task8__init17__rollout1__query4,y0.1|task8|init17,y0.1,8,chocolate pudding,2,129.0,84.0,131.0,84.0,2.0,-0.12039429694414139,-0.17000669240951538,0.013065477833151817,0.026048224419355392,0.0,0.013065477833151817,0.012982746586203575,0.013065477833151817,0.0,0.03703823871850793,0.004777666660636978,0.016398552107963857,0.0392477112235957,0.01391160701460272,0.016398552107963857,0.3114908039569855,0.21329578757286072,52.110225677490234
invariant_cate_reserve_holdout_20260903__position_y0p1_task8_init15_24|libero_object_temp__task8__init19__rollout0__query4,y0.1|task8|init19,y0.1,8,chocolate pudding,2,129.0,84.0,131.0,84.0,2.0,-0.12050320208072662,-0.171720489859581,0.013065477833151817,0.0248500294983387,0.0,0.013065477833151817,0.011784551665186882,0.013065477833151817,0.0,0.03548676401011438,0.004104743486113853,0.01671167920433247,0.03739232645689498,0.013695095110855406,0.01671167920433247,0.3163350522518158,0.20788905024528503,54.905601501464844
invariant_cate_reserve_holdout_20260903__position_y0p1_task8_init15_24|libero_object_temp__task8__init19__rollout1__query4,y0.1|task8|init19,y0.1,8,chocolate pudding,2,129.0,84.0,131.0,84.0,2.0,-0.12040530890226364,-0.1717819720506668,0.013065477833151817,0.024727750569581985,0.0020702125038951635,0.013065477833151817,0.011662272736430168,0.010995265329256654,0.0,0.03520586507737328,0.0009025352290862188,0.016625831080074756,0.03708721533392732,0.011032244989144102,0.016625831080074756,0.2973189949989319,0.21514733135700226,53.22221374511719
invariant_cate_reserve_holdout_20260903__position_y0p1_task8_init15_24|libero_object_temp__task8__init24__rollout0__query4,y0.1|task8|init24,y0.1,8,chocolate pudding,2,129.0,84.0,131.0,84.0,2.0,-0.11998408287763596,-0.17174501717090607,0.013065477833151817,0.02493409439921379,0.0,0.013065477833151817,0.011868616566061974,0.013065477833151817,0.0,0.03511325639092992,0.004615215394670672,0.016204659130037206,0.0370648733110931,0.013856656311960208,0.016204659130037206,0.31209465861320496,0.2095760703086853,54.05048370361328
invariant_cate_reserve_holdout_20260903__position_y0p1_task8_init15_24|libero_object_temp__task8__init24__rollout1__query4,y0.1|task8|init24,y0.1,8,chocolate pudding,2,129.0,84.0,131.0,84.0,2.0,-0.11998545378446579,-0.17234916985034943,0.013065477833151817,0.024890433996915817,0.0,0.013065477833151817,0.011824956163764,0.013065477833151817,0.0,0.03515349807835037,0.004574525302464884,0.01632357957698573,0.037089055197180795,0.013843156892539827,0.01632357957698573,0.30826041102409363,0.2107776701450348,53.48468017578125
invariant_cate_reserve_holdout_20260903__position_y0p1_task8_init5_14|libero_object_temp__task8__init5__rollout0__query4,y0.1|task8|init5,y0.1,8,chocolate pudding,2,129.0,84.0,131.0,84.0,2.0,-0.12006825953722,-0.17186899483203888,0.013065477833151817,0.025151606649160385,0.0,0.013065477833151817,0.012086128816008568,0.013065477833151817,0.0,0.035564105728878956,0.004516994664282123,0.016309768559495365,0.0375616842813529,0.013824252305485988,0.016309768559495365,0.30816319584846497,0.21047361195087433,53.40904998779297
invariant_cate_reserve_holdout_20260903__position_y0p1_task8_init5_14|libero_object_temp__task8__init5__rollout1__query4,y0.1|task8|init5,y0.1,8,chocolate pudding,2,129.0,84.0,131.0,84.0,2.0,-0.12005634605884552,-0.17197179794311523,0.013065477833151817,0.025262508541345596,0.0,0.013065477833151817,0.012197030708193779,0.013065477833151817,0.0,0.03574710105380589,0.004519166193636796,0.016317211483113683,0.03777066046348186,0.013824961992508015,0.016317211483113683,0.30843833088874817,0.21035099029541016,53.91991424560547
invariant_cate_reserve_holdout_20260903__position_y0p1_task8_init5_14|libero_object_temp__task8__init6__rollout0__query4,y0.1|task8|init6,y0.1,8,chocolate pudding,2,129.0,84.0,131.0,84.0,2.0,-0.12101634591817856,-0.17232173681259155,0.013065477833151817,0.025359097868204117,0.0,0.013065477833151817,0.0122936200350523,0.013065477833151817,0.0,0.03690814871611265,0.003543716487622173,0.017326863691221186,0.03890172920599966,0.013537527010249203,0.017326863691221186,0.29867181181907654,0.21398672461509705,53.160133361816406
invariant_cate_reserve_holdout_20260903__position_y0p1_task8_init5_14|libero_object_temp__task8__init6__rollout1__query4,y0.1|task8|init6,y0.1,8,chocolate pudding,2,129.0,84.0,131.0,84.0,2.0,-0.12060060352087021,-0.1721935272216797,0.013065477833151817,0.02531607821583748,0.0,0.013065477833151817,0.012250600382685661,0.013065477833151817,0.0,0.036407543354952894,0.0039623162172154605,0.01689399843343753,0.03841336255626462,0.013653082465648194,0.01689399843343753,0.29677116870880127,0.2143222540616989,53.500816345214844
invariant_cate_reserve_holdout_20260903__position_y0p1_task8_init5_14|libero_object_temp__task8__init7__rollout0__query4,y0.1|task8|init7,y0.1,8,chocolate pudding,2,129.0,84.0,131.0,84.0,2.0,-0.12112545967102051,-0.17281022667884827,0.013065477833151817,0.026072155684232712,0.0,0.013065477833151817,0.013006677851080894,0.013065477833151817,0.0,0.03824259698780932,0.0034657260172114793,0.017536742428789193,0.04039393386504712,0.013517321030254407,0.017536742428789193,0.3106103539466858,0.21027469635009766,52.843109130859375
invariant_cate_reserve_holdout_20260903__position_y0p1_task8_init5_14|libero_object_temp__task8__init7__rollout1__query4,y0.1|task8|init7,y0.1,8,chocolate pudding,2,129.0,84.0,131.0,84.0,2.0,-0.12104745209217072,-0.17267988622188568,0.013065477833151817,0.02597004547715187,0.0,0.013065477833151817,0.012904567644000053,0.013065477833151817,0.0,0.03797844359874796,0.0035283422874930036,0.017431864366686627,0.04011097161951893,0.013533510642338627,0.017431864366686627,0.31069451570510864,0.21010613441467285,52.73162841796875
signed_vof_new_task_holdout_20260903__position_y0p2_task8_init5_14|libero_object_temp__task8__init10__rollout0__query4,y0.2|task8|init10,y0.2,8,chocolate pudding,2,129.0,102.0,131.0,100.0,2.8284271247461903,-0.12000010907649994,-0.10000000149011612,0.013065477833151817,0.0208272747695446,0.0365576297044754,0.013065477833151817,0.007761796936392784,0.023492151871323586,0.0,0.02882541209669706,0.05298754338429874,0.01762708888546815,0.02985213349538364,0.05796171972473102,0.01762708888546815,0.0907435268163681,0.3548385202884674,34.598731994628906
signed_vof_new_task_holdout_20260903__position_y0p2_task8_init5_14|libero_object_temp__task8__init10__rollout1__query4,y0.2|task8|init10,y0.2,8,chocolate pudding,2,129.0,102.0,131.0,100.0,2.8284271247461903,-0.12000010907649994,-0.10000000149011612,0.013065477833151817,0.020913418382406235,0.037097349762916565,0.013065477833151817,0.007847940549254417,0.024031871929764748,0.0,0.028954540089112534,0.05382774768029076,0.01762708888546815,0.02999925936813535,0.05894876833981913,0.01762708888546815,0.09184452891349792,0.3539693057537079,34.743186950683594
signed_vof_new_task_holdout_20260903__position_y0p2_task8_init15_24|libero_object_temp__task8__init18__rollout0__query4,y0.2|task8|init18,y0.2,8,chocolate pudding,2,129.0,102.0,131.0,100.0,2.8284271247461903,-0.12000010907649994,-0.10000000149011612,0.013065477833151817,0.020595159381628036,0.030033579096198082,0.013065477833151817,0.007529681548476219,0.016968101263046265,0.0,0.02847779819030319,0.042870545734399884,0.01762708888546815,0.029456427040445668,0.04610640033702766,0.01762708888546815,0.09202045947313309,0.3542318642139435,34.66887664794922
signed_vof_new_task_holdout_20260903__position_y0p2_task8_init15_24|libero_object_temp__task8__init18__rollout1__query4,y0.2|task8|init18,y0.2,8,chocolate pudding,2,129.0,102.0,131.0,100.0,2.8284271247461903,-0.12000010907649994,-0.10000000149011612,0.013065477833151817,0.020678814500570297,0.027672801166772842,0.013065477833151817,0.00761333666741848,0.014607323333621025,0.0,0.02860302426781446,0.039234154061724466,0.01762708888546815,0.029598917082836688,0.041865173353422054,0.01762708888546815,0.09294261783361435,0.3534678816795349,34.67905807495117
signed_vof_new_task_holdout_20260903__position_y0p2_task8_init15_24|libero_object_temp__task8__init22__rollout0__query4,y0.2|task8|init22,y0.2,8,chocolate pudding,2,129.0,102.0,131.0,100.0,2.8284271247461903,-0.12000010907649994,-0.10000000149011612,0.013065477833151817,0.021559540182352066,0.03239317238330841,0.013065477833151817,0.008494062349200249,0.019327694550156593,0.0,0.029925039434992102,0.04651993741447161,0.01762708888546815,0.031107186957002937,0.050375235519752246,0.01762708888546815,0.09256365150213242,0.3537015914916992,34.63951110839844
signed_vof_new_task_holdout_20260903__position_y0p2_task8_init15_24|libero_object_temp__task8__init22__rollout1__query4,y0.2|task8|init22,y0.2,8,chocolate pudding,2,129.0,102.0,131.0,100.0,2.8284271247461903,-0.12000010907649994,-0.10000000149011612,0.013065477833151817,0.021251466125249863,0.030401621013879776,0.013065477833151817,0.008185988292098045,0.01733614318072796,0.0,0.029461875796188614,0.0434388853647495,0.01762708888546815,0.03057797458544975,0.04677048879490729,0.01762708888546815,0.09201661497354507,0.35408785939216614,34.62211608886719
signed_vof_new_task_holdout_20260903__position_y0p2_task8_init5_14|libero_object_temp__task8__init6__rollout0__query4,y0.2|task8|init6,y0.2,8,chocolate pudding,2,129.0,102.0,131.0,100.0,2.8284271247461903,-0.12000010907649994,-0.10000000149011612,0.013065477833151817,0.02145717665553093,0.042014725506305695,0.013065477833151817,0.008391698822379112,0.028949247673153877,0.0,0.029771060884728785,0.06149875814949459,0.01762708888546815,0.030931160264816245,0.06797173085019707,0.01762708888546815,0.0897669568657875,0.35570013523101807,34.502262115478516
signed_vof_new_task_holdout_20260903__position_y0p2_task8_init5_14|libero_object_temp__task8__init6__rollout1__query4,y0.2|task8|init6,y0.2,8,chocolate pudding,2,129.0,102.0,131.0,100.0,2.8284271247461903,-0.12000010907649994,-0.10000000149011612,0.013065477833151817,0.02157047763466835,0.04175849258899689,0.013065477833151817,0.008504999801516533,0.02869301475584507,0.0,0.029941496743855656,0.061098424897623176,0.01762708888546815,0.03112600598994537,0.0675004194116573,0.01762708888546815,0.0909067764878273,0.3548096716403961,34.53910446166992
signed_vof_new_task_holdout_20260903__position_y0p2_task8_init5_14|libero_object_temp__task8__init7__rollout0__query4,y0.2|task8|init7,y0.2,8,chocolate pudding,2,129.0,102.0,131.0,100.0,2.8284271247461903,-0.12000010907649994,-0.10000000149011612,0.013065477833151817,0.020967144519090652,0.03657728433609009,0.013065477833151817,0.007901666685938835,0.02351180650293827,0.0,0.02903510705387144,0.05301813351555871,0.01762708888546815,0.030091091340219794,0.057997651042996735,0.01762708888546815,0.09233927726745605,0.35351064801216125,34.79988479614258
signed_vof_new_task_holdout_20260903__position_y0p2_task8_init5_14|libero_object_temp__task8__init7__rollout1__query4,y0.2|task8|init7,y0.2,8,chocolate pudding,2,129.0,102.0,131.0,100.0,2.8284271247461903,-0.12000010907649994,-0.10000000149011612,0.013065477833151817,0.020911548286676407,0.03650587797164917,0.013065477833151817,0.00784607045352459,0.023440400138497353,0.0,0.02895173616440705,0.05290700046433183,0.01762708888546815,0.029996063883368205,0.057867115504279934,0.01762708888546815,0.09264899790287018,0.35333818197250366,34.89427185058594
signed_vof_new_task_holdout_20260903__position_y0p2_task8_init5_14|libero_object_temp__task8__init9__rollout0__query4,y0.2|task8|init9,y0.2,8,chocolate pudding,2,129.0,102.0,131.0,100.0,2.8284271247461903,-0.12000010907649994,-0.10000000149011612,0.013065477833151817,0.02139722928404808,0.036681171506643295,0.013065477833151817,0.008331751450896263,0.023615693673491478,0.0,0.029680924408504707,0.053179830668963236,0.01762708888546815,0.0308281584915947,0.05818758783159677,0.01762708888546815,0.0931336060166359,0.3529755473136902,34.66949462890625
signed_vof_new_task_holdout_20260903__position_y0p2_task8_init5_14|libero_object_temp__task8__init9__rollout1__query4,y0.2|task8|init9,y0.2,8,chocolate pudding,2,129.0,102.0,131.0,100.0,2.8284271247461903,-0.12000010907649994,-0.10000000149011612,0.013065477833151817,0.021595928817987442,0.03713607043027878,0.013065477833151817,0.008530450984835625,0.02407059259712696,0.0,0.029979796087709152,0.053888040899670246,0.01762708888546815,0.031169805380613206,0.0590196101307133,0.01762708888546815,0.0929122269153595,0.35325875878334045,34.8000602722168
signed_vof_new_task_holdout_20260903__position_y0p1_task4_init15_24|libero_object_temp__task4__init16__rollout0__query4,y0.1|task4|init16,y0.1,4,ketchup,2,85.0,80.0,83.0,83.0,3.605551275463989,-0.12448267638683319,-0.1717376559972763,0.19439387321472168,0.2286316156387329,0.1940297931432724,0.2093144655227661,0.03423774242401123,0.0003640800714492798,0.014920592308044434,0.06171679169185705,0.02221168380761789,0.019452177942975886,0.07057751329587221,0.022214667493978414,0.02451553184305966,0.07198466360569,0.3213629722595215,24.191707611083984
signed_vof_new_task_holdout_20260903__position_y0p1_task4_init15_24|libero_object_temp__task4__init16__rollout1__query4,y0.1|task4|init16,y0.1,4,ketchup,2,84.0,81.0,83.0,83.0,2.23606797749979,-0.12324516475200653,-0.1675863415002823,0.1982526183128357,0.23353691399097443,0.2059819996356964,0.2093144655227661,0.03528429567813873,0.007729381322860718,0.01106184720993042,0.07056492881263585,0.009595077631031238,0.01585227599013674,0.07889480781290163,0.01232107342643908,0.019330264296261217,0.10708203911781311,0.30495578050613403,25.622390747070312
signed_vof_new_task_holdout_20260903__position_y0p1_task4_init15_24|libero_object_temp__task4__init21__rollout0__query4,y0.1|task4|init21,y0.1,4,ketchup,2,84.0,81.0,83.0,83.0,2.23606797749979,-0.11989544332027435,-0.166946142911911,0.20306244492530823,0.23364828526973724,0.1917419284582138,0.2093144655227661,0.030585840344429016,0.011320516467094421,0.006252020597457886,0.06741899958777195,0.030672594542524304,0.012831798138812994,0.07403252754695665,0.03269498660424634,0.014273850392458312,0.127943754196167,0.29535090923309326,26.539215087890625
signed_vof_new_task_holdout_20260903__position_y0p1_task4_init15_24|libero_object_temp__task4__init21__rollout1__query4,y0.1|task4|init21,y0.1,4,ketchup,2,82.0,81.0,83.0,83.0,2.23606797749979,-0.11967480927705765,-0.1663103699684143,0.2097025364637375,0.23037917912006378,0.21876534819602966,0.2093144655227661,0.020676642656326294,0.009062811732292175,0.0003880709409713745,0.05952214723070186,0.032940102428955655,0.012247712608787013,0.06301118601082478,0.034164087936385236,0.01225385911468982,0.09960086643695831,0.3298274576663971,24.109970092773438
signed_vof_new_task_holdout_20260903__position_y0p1_task4_init15_24|libero_object_temp__task4__init23__rollout0__query4,y0.1|task4|init23,y0.1,4,ketchup,2,87.0,79.0,83.0,76.0,5.0,-0.11758815497159958,-0.17453135550022125,0.1905619502067566,0.2239140123128891,0.23365001380443573,0.2093144655227661,0.03335206210613251,0.04308806359767914,0.01875251531600952,0.04068417825739259,0.06287776951836031,0.011169580646295616,0.052607626892025985,0.0762246359401059,0.02182696411531556,0.04657624661922455,0.3750063180923462,18.063568115234375
signed_vof_new_task_holdout_20260903__position_y0p1_task4_init15_24|libero_object_temp__task4__init23__rollout1__query4,y0.1|task4|init23,y0.1,4,ketchup,2,86.0,78.0,83.0,76.0,3.605551275463989,-0.11769270151853561,-0.1782400757074356,0.19284261763095856,0.22068245708942413,0.22918178141117096,0.2093144655227661,0.027839839458465576,0.0363391637802124,0.016471847891807556,0.03333241373599829,0.052866003366436376,0.008777114671102239,0.04342932726327799,0.06415098702424747,0.018664391630067216,0.06412988156080246,0.3521455228328705,19.419265747070312
signed_vof_new_task_holdout_20260903__position_y0p1_task4_init15_24|libero_object_temp__task4__init24__rollout0__query4,y0.1|task4|init24,y0.1,4,ketchup,2,86.0,83.0,83.0,83.0,3.0,-0.11376134306192398,-0.16087771952152252,0.1968398541212082,0.22946427762508392,0.20303373038768768,0.2093144655227661,0.03262442350387573,0.006193876266479492,0.012474611401557922,0.05041464509234229,0.01092668843742545,0.004235797130342306,0.06004989133001884,0.012560120358222114,0.013174137806676194,0.1445249766111374,0.3043266236782074,21.6610164642334
signed_vof_new_task_holdout_20260903__position_y0p1_task4_init15_24|libero_object_temp__task4__init24__rollout1__query4,y0.1|task4|init24,y0.1,4,ketchup,2,83.0,82.0,83.0,83.0,1.0,-0.11294674128293991,-0.1608852595090866,0.20766615867614746,0.23280216753482819,0.21781709790229797,0.2093144655227661,0.025136008858680725,0.010150939226150513,0.0016483068466186523,0.057331771836716616,0.02272833368667156,0.003613958740991019,0.06259992814118087,0.02489214171873707,0.003972104384604629,0.199239119887352,0.26096484065055847,27.057580947875977
signed_vof_new_task_holdout_20260903__position_y0p1_task4_init5_14|libero_object_temp__task4__init6__rollout0__query4,y0.1|task4|init6,y0.1,4,ketchup,2,82.0,83.0,83.0,83.0,1.0,-0.11364393681287766,-0.1571105420589447,0.21210753917694092,0.23153139650821686,0.22326155006885529,0.2093144655227661,0.01942385733127594,0.011154010891914368,0.0027930736541748047,0.05448655228823325,0.035374280640249264,0.0035469387897663473,0.05784522982825929,0.03709112683367897,0.004514646743211982,0.21202898025512695,0.2527441382408142,26.149993896484375
signed_vof_new_task_holdout_20260903__position_y0p1_task4_init5_14|libero_object_temp__task4__init6__rollout1__query4,y0.1|task4|init6,y0.1,4,ketchup,2,114.0,82.0,115.0,83.0,1.4142135623730951,-0.1276228278875351,-0.17359639704227448,0.07240547984838486,0.07414767146110535,0.01819789409637451,0.2093144655227661,0.0017421916127204895,0.054207585752010345,0.13690898567438126,0.007784095348885163,0.0928104085654932,0.24952822725118048,0.00797667675263134,0.10748132066157044,0.28461975784106186,0.34442204236984253,0.1853475272655487,33.8748664855957
invariant_cate_reserve_holdout_20260903__position_y0p2_task7_init5_14|libero_object_temp__task7__init11__rollout0__query4,y0.2|task7|init11,y0.2,7,milk,2,116.0,102.0,116.0,100.0,2.0,-0.11865420639514923,-0.10008107125759125,0.06973547488451004,0.06828600913286209,0.0005660204915329814,0.06973547488451004,0.0014494657516479492,0.06916945439297706,0.0,0.0077916700525662436,0.12480873725434222,0.00633593580233105,0.007925343725874482,0.1426941986068304,0.00633593580233105,0.2858720123767853,0.2340957671403885,37.10010528564453
invariant_cate_reserve_holdout_20260903__position_y0p2_task7_init5_14|libero_object_temp__task7__init11__rollout1__query4,y0.2|task7|init11,y0.2,7,milk,2,116.0,102.0,116.0,100.0,2.0,-0.11866452544927597,-0.09996287524700165,0.06973547488451004,0.06775080412626266,0.0,0.06973547488451004,0.0019846707582473755,0.06973547488451004,0.0,0.008543902473357233,0.12581290312718046,0.006443889794357933,0.008771384582429506,0.14384687362142226,0.006443889794357933,0.28888508677482605,0.2334047257900238,37.07377624511719
invariant_cate_reserve_holdout_20260903__position_y0p2_task7_init5_14|libero_object_temp__task7__init13__rollout0__query4,y0.2|task7|init13,y0.2,7,milk,2,117.0,102.0,116.0,100.0,2.23606797749979,-0.1154041513800621,-0.09851738810539246,0.06973547488451004,0.06802788376808167,0.0,0.06973547488451004,0.0017075911164283752,0.06973547488451004,0.0,0.01147818366512507,0.12925629344440087,0.009258179526759818,0.011604506351898348,0.14686805592896365,0.009258179526759818,0.2586839497089386,0.24599608778953552,36.143898010253906
invariant_cate_reserve_holdout_20260903__position_y0p2_task7_init5_14|libero_object_temp__task7__init13__rollout1__query4,y0.2|task7|init13,y0.2,7,milk,2,117.0,102.0,116.0,100.0,2.23606797749979,-0.11523303389549255,-0.09857700020074844,0.06973547488451004,0.06873457133769989,0.0,0.06973547488451004,0.0010009035468101501,0.06973547488451004,0.0,0.010585751377398301,0.1294159726707476,0.00931096366849021,0.010632964785708037,0.14700860668574414,0.00931096366849021,0.24898022413253784,0.24949195981025696,35.430511474609375
invariant_cate_reserve_holdout_20260903__position_y0p2_task7_init15_24|libero_object_temp__task7__init15__rollout0__query4,y0.2|task7|init15,y0.2,7,milk,2,116.0,102.0,116.0,100.0,2.0,-0.11738255620002747,-0.09839625656604767,0.06973547488451004,0.06717629730701447,0.0,0.06973547488451004,0.002559177577495575,0.06973547488451004,0.0,0.011325277203994559,0.1273220940559715,0.00837483502580905,0.011610826569218701,0.1451687021784165,0.00837483502580905,0.26876047253608704,0.24060659110546112,36.85836410522461
invariant_cate_reserve_holdout_20260903__position_y0p2_task7_init15_24|libero_object_temp__task7__init15__rollout1__query4,y0.2|task7|init15,y0.2,7,milk,2,116.0,102.0,116.0,100.0,2.0,-0.11737831681966782,-0.0984000414609909,0.06973547488451004,0.06801986694335938,0.001313045620918274,0.06973547488451004,0.0017156079411506653,0.06842242926359177,0.0,0.010227403074438868,0.1250148747361448,0.008373107327902552,0.010370298175789395,0.14251437728041758,0.008373107327902552,0.26465776562690735,0.24202124774456024,36.543914794921875
invariant_cate_reserve_holdout_20260903__position_y0p2_task7_init15_24|libero_object_temp__task7__init16__rollout0__query4,y0.2|task7|init16,y0.2,7,milk,2,116.0,103.0,116.0,100.0,3.0,-0.11871276795864105,-0.09527866542339325,0.06973547488451004,0.06789358705282211,0.0,0.06973547488451004,0.0018418878316879272,0.06973547488451004,0.0,0.012307446695417454,0.12655117129813223,0.010965325250995481,0.012444508626099388,0.1444930289470649,0.010965325250995481,0.21960672736167908,0.2562302052974701,36.388065338134766
invariant_cate_reserve_holdout_20260903__position_y0p2_task7_init15_24|libero_object_temp__task7__init16__rollout1__query4,y0.2|task7|init16,y0.2,7,milk,2,116.0,103.0,116.0,100.0,3.0,-0.11857655644416809,-0.09510470926761627,0.06973547488451004,0.06824059784412384,0.0,0.06973547488451004,0.0014948770403862,0.06973547488451004,0.0,0.012212584773082086,0.12671741235067088,0.011162430881089097,0.012303734563358811,0.14463864991840214,0.011162430881089097,0.21748071908950806,0.25599855184555054,36.763824462890625
invariant_cate_reserve_holdout_20260903__position_y0p2_task7_init15_24|libero_object_temp__task7__init17__rollout0__query4,y0.2|task7|init17,y0.2,7,milk,2,117.0,102.0,116.0,100.0,2.23606797749979,-0.11671895533800125,-0.09794818609952927,0.06973547488451004,0.06746158748865128,0.0028524366207420826,0.06973547488451004,0.0022738873958587646,0.06688303826376796,0.0,0.011724060253148231,0.12303039174120954,0.009064283331853962,0.011942535438862867,0.14003506025059628,0.009064283331853962,0.2674156725406647,0.2390037328004837,38.38226318359375
invariant_cate_reserve_holdout_20260903__position_y0p2_task7_init15_24|libero_object_temp__task7__init17__rollout1__query4,y0.2|task7|init17,y0.2,7,milk,2,117.0,102.0,116.0,100.0,2.23606797749979,-0.1167105883359909,-0.09795069694519043,0.06973547488451004,0.06786496192216873,0.006350005976855755,0.06973547488451004,0.0018705129623413086,0.06338546890765429,0.0,0.01119737570436661,0.11688523571471535,0.009065806649168931,0.011352534580745678,0.1329656948115858,0.009065806649168931,0.27368292212486267,0.23730337619781494,38.15187072753906
invariant_cate_reserve_holdout_20260903__position_y0p2_task7_init15_24|libero_object_temp__task7__init18__rollout0__query4,y0.2|task7|init18,y0.2,7,milk,2,116.0,101.0,116.0,100.0,1.0,-0.11879757046699524,-0.10387136042118073,0.06973547488451004,0.0672653317451477,0.0,0.06973547488451004,0.002470143139362335,0.06973547488451004,0.0,0.0068504858993113805,0.12515557122784923,0.002951336715077221,0.007282222475700867,0.14327230530265567,0.002951336715077221,0.31046655774116516,0.2276107221841812,37.09629821777344
invariant_cate_reserve_holdout_20260903__position_y0p2_task7_init15_24|libero_object_temp__task7__init18__rollout1__query4,y0.2|task7|init18,y0.2,7,milk,2,116.0,101.0,116.0,100.0,1.0,-0.11800698935985565,-0.10342836380004883,0.06973547488451004,0.0669175386428833,0.0,0.06973547488451004,0.0028179362416267395,0.06973547488451004,0.0,0.008338352825005902,0.12599379226301774,0.003822890138739881,0.008801641466008335,0.1440051115279753,0.003822890138739881,0.3101861774921417,0.2280871719121933,36.659324645996094
invariant_cate_reserve_holdout_20260903__position_y0p2_task7_init15_24|libero_object_temp__task7__init22__rollout0__query4,y0.2|task7|init22,y0.2,7,milk,2,117.0,97.0,116.0,99.0,2.23606797749979,-0.11390384286642075,-0.11767444759607315,0.06973547488451004,0.06669869273900986,0.04447763413190842,0.06973547488451004,0.003036782145500183,0.025257840752601624,0.0,0.014213584099904036,0.05126641577667917,0.010439669349135719,0.014534373697007845,0.057150712209657735,0.010439669349135719,0.25296634435653687,0.25184452533721924,31.770999908447266
invariant_cate_reserve_holdout_20260903__position_y0p2_task7_init15_24|libero_object_temp__task7__init22__rollout1__query4,y0.2|task7|init22,y0.2,7,milk,2,117.0,97.0,116.0,99.0,2.23606797749979,-0.11399206519126892,-0.11704577505588531,0.06973547488451004,0.0663425475358963,0.05263328179717064,0.06973547488451004,0.003392927348613739,0.0171021930873394,0.0,0.014345013701726717,0.03700179730222689,0.009915293265698321,0.014740806426233887,0.04076294900999834,0.009915293265698321,0.2553946375846863,0.25068867206573486,30.548669815063477
invariant_cate_reserve_holdout_20260903__position_y0p2_task7_init15_24|libero_object_temp__task7__init24__rollout0__query4,y0.2|task7|init24,y0.2,7,milk,2,116.0,102.0,116.0,100.0,2.0,-0.12015727907419205,-0.09919695556163788,0.06973547488451004,0.06808464229106903,0.0,0.06973547488451004,0.0016508325934410095,0.06973547488451004,0.0,0.00797399871436674,0.12445542857404981,0.0068772077839600225,0.008143089324592331,0.1426611024733741,0.0068772077839600225,0.2564127743244171,0.24491102993488312,36.333160400390625
invariant_cate_reserve_holdout_20260903__position_y0p2_task7_init15_24|libero_object_temp__task7__init24__rollout1__query4,y0.2|task7|init24,y0.2,7,milk,2,116.0,102.0,116.0,100.0,2.0,-0.12079417705535889,-0.09948620945215225,0.06973547488451004,0.06824659556150436,0.0,0.06973547488451004,0.0014888793230056763,0.06973547488451004,0.0,0.007312393301109806,0.12378107573945958,0.006558374366923536,0.007462429726877795,0.14207318947847253,0.006558374366923536,0.26561057567596436,0.24112333357334137,37.08545684814453
invariant_cate_reserve_holdout_20260903__position_y0p2_task7_init5_14|libero_object_temp__task7__init6__rollout0__query4,y0.2|task7|init6,y0.2,7,milk,2,116.0,102.0,116.0,100.0,2.0,-0.12069590389728546,-0.09692997485399246,0.06973547488451004,0.06789341568946838,0.0,0.06973547488451004,0.0018420591950416565,0.06973547488451004,0.0,0.01002013253406135,0.12430210967529813,0.009115141572205183,0.01018804387889021,0.1425273690457309,0.009115141572205183,0.24016296863555908,0.2478369027376175,37.574371337890625
invariant_cate_reserve_holdout_20260903__position_y0p2_task7_init5_14|libero_object_temp__task7__init6__rollout1__query4,y0.2|task7|init6,y0.2,7,milk,2,116.0,102.0,116.0,100.0,2.0,-0.12070199847221375,-0.09692172706127167,0.06973547488451004,0.06824114173650742,0.0,0.06973547488451004,0.0014943331480026245,0.06973547488451004,0.0,0.009779633070730506,0.12429756082047258,0.009123325095002598,0.009893141793957328,0.14252340187943596,0.009123325095002598,0.2508510947227478,0.2437383234500885,38.246429443359375
invariant_cate_reserve_holdout_20260903__position_y0p2_task7_init5_14|libero_object_temp__task7__init7__rollout0__query4,y0.2|task7|init7,y0.2,7,milk,2,116.0,102.0,116.0,100.0,2.0,-0.12197118997573853,-0.09889628738164902,0.06973547488451004,0.06774088740348816,0.0,0.06973547488451004,0.001994587481021881,0.06973547488451004,0.0,0.007862972815124844,0.12271284860835421,0.007244507026531332,0.008112010891933117,0.14114347193882185,0.007244507026531332,0.2720678150653839,0.2382926493883133,37.2599983215332
invariant_cate_reserve_holdout_20260903__position_y0p2_task7_init5_14|libero_object_temp__task7__init7__rollout1__query4,y0.2|task7|init7,y0.2,7,milk,2,116.0,102.0,116.0,100.0,2.0,-0.12206829339265823,-0.09897857159376144,0.06973547488451004,0.06858046352863312,0.0,0.06973547488451004,0.0011550113558769226,0.06973547488451004,0.0,0.007315765424987981,0.12260370815615819,0.00717991857911099,0.007406380694080896,0.1410485934386038,0.00717991857911099,0.27619215846061707,0.23630979657173157,37.74971008300781
invariant_cate_reserve_holdout_20260903__position_y0p2_task7_init5_14|libero_object_temp__task7__init9__rollout0__query4,y0.2|task7|init9,y0.2,7,milk,2,116.0,102.0,116.0,100.0,2.0,-0.11787507683038712,-0.09990803152322769,0.06973547488451004,0.06778304278850555,0.004729608539491892,0.06973547488451004,0.001952432096004486,0.06500586634501815,0.0,0.00907698382500666,0.11827375980647561,0.0067955835767996,0.009284590806758315,0.1349609014419593,0.0067955835767996,0.2985299825668335,0.22981040179729462,38.239349365234375
invariant_cate_reserve_holdout_20260903__position_y0p2_task7_init5_14|libero_object_temp__task7__init9__rollout1__query4,y0.2|task7|init9,y0.2,7,milk,2,116.0,102.0,116.0,100.0,2.0,-0.1178877204656601,-0.0998920351266861,0.06973547488451004,0.06758134067058563,0.009180630557239056,0.06973547488451004,0.002154134213924408,0.060554844327270985,0.0,0.009355359916938802,0.11042766627622584,0.006804621562829512,0.009600159029259094,0.12594109198634704,0.006804621562829512,0.3020382821559906,0.22937846183776855,37.630489349365234
invariant_cate_reserve_holdout_20260903__position_x0p2_task9_init5_14|libero_object_temp__task9__init13__rollout0__query4,x0.2|task9|init13,x0.2,9,orange juice,2,68.0,141.0,68.0,140.0,1.0,-0.06386739760637283,0.041478440165519714,0.2813988924026489,0.2994554936885834,0.27054646611213684,0.06973547488451004,0.018056601285934448,0.010852426290512085,0.21166341751813889,0.04429830204094529,0.031474824198420195,0.556760433925231,0.04783701928120132,0.033293238273145724,0.5956371236752034,0.16526317596435547,0.3024902641773224,33.662559509277344
invariant_cate_reserve_holdout_20260903__position_x0p2_task9_init5_14|libero_object_temp__task9__init13__rollout1__query4,x0.2|task9|init13,x0.2,9,orange juice,2,68.0,140.0,68.0,140.0,0.0,-0.06393947452306747,0.03860209509730339,0.2818913161754608,0.30207887291908264,0.27071014046669006,0.06973547488451004,0.020187556743621826,0.011181175708770752,0.21215584129095078,0.051061272062696055,0.03101519101997873,0.556801376583387,0.05490711203421298,0.03296908801037988,0.5958505466633608,0.18411697447299957,0.2711098790168762,33.905914306640625
invariant_cate_reserve_holdout_20260903__position_x0p2_task9_init15_24|libero_object_temp__task9__init20__rollout0__query4,x0.2|task9|init20,x0.2,9,orange juice,2,71.0,148.0,68.0,147.0,3.1622776601683795,-0.05945616960525513,0.06471414864063263,0.27433809638023376,0.2983458638191223,0.3038291335105896,0.06973547488451004,0.02400776743888855,0.029491037130355835,0.20460262149572372,0.03717949600822015,0.05151066946322765,0.5617849898383347,0.04425706520799832,0.05935545753824092,0.59788343975275,0.09249143302440643,0.32241755723953247,34.611576080322266
invariant_cate_reserve_holdout_20260903__position_x0p2_task9_init15_24|libero_object_temp__task9__init20__rollout1__query4,x0.2|task9|init20,x0.2,9,orange juice,2,71.0,147.0,68.0,147.0,3.0,-0.06136218085885048,0.061806850135326385,0.2745596170425415,0.29993194341659546,0.3042987585067749,0.06973547488451004,0.025372326374053955,0.0297391414642334,0.20482414215803146,0.04293347685351504,0.05437225990201656,0.5600628120302106,0.049870215363108525,0.06197385885905543,0.5963415821741433,0.09071485698223114,0.33383917808532715,34.89889144897461
invariant_cate_reserve_holdout_20260903__position_x0p2_task9_init15_24|libero_object_temp__task9__init24__rollout0__query4,x0.2|task9|init24,x0.2,9,orange juice,2,68.0,147.0,68.0,147.0,0.0,-0.06310415267944336,0.06231455132365227,0.28176313638687134,0.29924696683883667,0.30729150772094727,0.06973547488451004,0.017483830451965332,0.025528371334075928,0.2120276615023613,0.04291119686598591,0.0639834111144288,0.5582917965748843,0.04633632639457372,0.0688881313493731,0.5971980068327186,0.14598752558231354,0.3140202462673187,33.47804641723633
invariant_cate_reserve_holdout_20260903__position_x0p2_task9_init15_24|libero_object_temp__task9__init24__rollout1__query4,x0.2|task9|init24,x0.2,9,orange juice,2,69.0,146.0,68.0,147.0,1.4142135623730951,-0.06343922764062881,0.05985639616847038,0.278585821390152,0.3040603697299957,0.30729150772094727,0.06973547488451004,0.02547454833984375,0.028705686330795288,0.20885034650564194,0.05573720928013575,0.0641955169493446,0.5581201067258185,0.061282861482283006,0.07032126864694348,0.5959165384239354,0.1383436769247055,0.31884244084358215,34.698760986328125
invariant_cate_reserve_holdout_20260903__position_y0p1_task9_init5_14|libero_object_temp__task9__init12__rollout0__query4,y0.1|task9|init12,y0.1,9,orange juice,2,142.0,118.0,140.0,116.0,2.8284271247461903,0.052331969141960144,-0.03258475661277771,0.06973547488451004,0.07187400758266449,0.0652000904083252,0.06973547488451004,0.0021385326981544495,0.004535384476184845,0.0,0.011005289864736707,0.019636790500278962,0.013591716344555369,0.011211142988471458,0.02015374043443709,0.013591716344555369,0.07827846705913544,0.3638569712638855,35.027809143066406
invariant_cate_reserve_holdout_20260903__position_y0p1_task9_init5_14|libero_object_temp__task9__init12__rollout1__query4,y0.1|task9|init12,y0.1,9,orange juice,2,142.0,118.0,140.0,116.0,2.8284271247461903,0.05245381221175194,-0.03271855041384697,0.06973547488451004,0.071902796626091,0.07002438604831696,0.06973547488451004,0.002167321741580963,0.0002889111638069153,0.0,0.01097416969793481,0.013253393482871379,0.013620200530478745,0.011186138032878018,0.013256542100879468,0.013620200530478745,0.08181166648864746,0.36123910546302795,35.12226867675781
invariant_cate_reserve_holdout_20260903__position_y0p1_task9_init15_24|libero_object_temp__task9__init17__rollout0__query4,y0.1|task9|init17,y0.1,9,orange juice,2,142.0,118.0,140.0,116.0,2.8284271247461903,0.05221809074282646,-0.03283559903502464,0.06973547488451004,0.07155435532331467,0.06947425752878189,0.06973547488451004,0.0018188804388046265,0.0002612173557281494,0.0,0.011124468662146388,0.013692903718055711,0.013358734671051569,0.011272183864085218,0.013695395092470955,0.013358734671051569,0.07652992755174637,0.3659838140010834,34.2296028137207
invariant_cate_reserve_holdout_20260903__position_y0p1_task9_init15_24|libero_object_temp__task9__init17__rollout1__query4,y0.1|task9|init17,y0.1,9,orange juice,2,142.0,118.0,140.0,116.0,2.8284271247461903,0.051617782562971115,-0.03230877220630646,0.06973547488451004,0.07186146080493927,0.06474629789590836,0.06973547488451004,0.0021259859204292297,0.004989176988601685,0.0,0.010696179469734468,0.019720492948405922,0.013164922610929655,0.010905414773525694,0.02034182216891398,0.013164922610929655,0.07671144604682922,0.36481887102127075,35.17417907714844
invariant_cate_reserve_holdout_20260903__position_y0p1_task9_init5_14|libero_object_temp__task9__init5__rollout0__query4,y0.1|task9|init5,y0.1,9,orange juice,2,142.0,118.0,140.0,116.0,2.8284271247461903,0.05147813633084297,-0.03210993483662605,0.06973547488451004,0.0708620697259903,0.07023609429597855,0.06973547488451004,0.0011265948414802551,0.0005006194114685059,0.0,0.011844066956250425,0.012572436412334414,0.01317261424496667,0.011897526549707427,0.012582399498399791,0.01317261424496667,0.07672885805368423,0.36479905247688293,35.4593505859375
invariant_cate_reserve_holdout_20260903__position_y0p1_task9_init5_14|libero_object_temp__task9__init5__rollout1__query4,y0.1|task9|init5,y0.1,9,orange juice,2,142.0,118.0,140.0,116.0,2.8284271247461903,0.05192180722951889,-0.03264676406979561,0.06973547488451004,0.07157675921916962,0.06971193104982376,0.06973547488451004,0.0018412843346595764,2.3543834686279297e-05,0.0,0.01099843999714613,0.013246642950631105,0.013217069520965047,0.011151502606011734,0.013246663873355302,0.013217069520965047,0.07749315351247787,0.36392277479171753,35.62472915649414
invariant_cate_reserve_holdout_20260903__position_y0p1_task9_init5_14|libero_object_temp__task9__init7__rollout0__query4,y0.1|task9|init7,y0.1,9,orange juice,2,142.0,118.0,140.0,116.0,2.8284271247461903,0.052205320447683334,-0.032898761332035065,0.06973547488451004,0.07159137725830078,0.06467310339212418,0.06973547488451004,0.001855902373790741,0.005062371492385864,0.0,0.011030625235683735,0.020128709417982022,0.013313688591940008,0.011185663445283208,0.020755542584102185,0.013313688591940008,0.08124148100614548,0.3617778420448303,34.87517547607422
invariant_cate_reserve_holdout_20260903__position_y0p1_task9_init5_14|libero_object_temp__task9__init7__rollout1__query4,y0.1|task9|init7,y0.1,9,orange juice,2,142.0,118.0,140.0,116.0,2.8284271247461903,0.05261936038732529,-0.032695222645998,0.06973547488451004,0.07151690870523453,0.06355472654104233,0.06973547488451004,0.0017814338207244873,0.006180748343467712,0.0,0.011567452581360096,0.022151992002240228,0.013772059645331252,0.011703822695155432,0.022998095567950703,0.013772059645331252,0.07991190254688263,0.3629703223705292,34.514320373535156
invariant_cate_reserve_holdout_20260903__position_y0p2_task9_init5_14|libero_object_temp__task9__init12__rollout0__query4,y0.2|task9|init12,y0.2,9,orange juice,2,142.0,140.0,140.0,140.0,2.0,0.050000064074993134,0.0399983711540699,0.06973547488451004,0.0697060376405716,0.07396981865167618,0.06973547488451004,2.9437243938446045e-05,0.004234343767166138,0.0,0.009027479861823206,0.002745865577600723,0.008984054122808846,0.009027527856891622,0.005046726157499659,0.008984054122808846,0.3130769729614258,0.21836452186107635,50.977569580078125
invariant_cate_reserve_holdout_20260903__position_y0p2_task9_init5_14|libero_object_temp__task9__init12__rollout1__query4,y0.2|task9|init12,y0.2,9,orange juice,2,142.0,140.0,140.0,140.0,2.0,0.050000064074993134,0.0399983711540699,0.06973547488451004,0.06980133056640625,0.07549084722995758,0.06973547488451004,6.585568189620972e-05,0.00575537234544754,0.0,0.008886904897536367,0.0005724924575644859,0.008984054122808846,0.008887148903258788,0.005783775449367873,0.008984054122808846,0.31735169887542725,0.2157633751630783,52.02073669433594
invariant_cate_reserve_holdout_20260903__position_y0p2_task9_init15_24|libero_object_temp__task9__init21__rollout0__query4,y0.2|task9|init21,y0.2,9,orange juice,2,142.0,140.0,140.0,140.0,2.0,0.050000064074993134,0.0399983711540699,0.06973547488451004,0.07051876187324524,0.07847724109888077,0.06973547488451004,0.000783286988735199,0.008741766214370728,0.0,0.007828653908243288,0.003936413296229275,0.008984054122808846,0.007867741767608717,0.009587169873609526,0.008984054122808846,0.318326473236084,0.21523402631282806,52.7101936340332
invariant_cate_reserve_holdout_20260903__position_y0p2_task9_init15_24|libero_object_temp__task9__init21__rollout1__query4,y0.2|task9|init21,y0.2,9,orange juice,2,142.0,140.0,140.0,140.0,2.0,0.050000064074993134,0.0399983711540699,0.06973547488451004,0.0701918751001358,0.07296214997768402,0.06973547488451004,0.00045640021562576294,0.0032266750931739807,0.0,0.008310807458122231,0.004227207308725396,0.008984054122808846,0.008323329968396263,0.005317961431587364,0.008984054122808846,0.30956336855888367,0.21806912124156952,52.16351318359375
invariant_cate_reserve_holdout_20260903__position_x0p2_task2_init5_14|libero_object_temp__task2__init12__rollout0__query4,x0.2|task2|init12,x0.2,2,salad dressing,2,114.0,102.0,115.0,100.0,2.23606797749979,-0.14189961552619934,-0.09971131384372711,0.06656826287508011,0.06596317887306213,0.05010615289211273,0.06689819693565369,0.0006050840020179749,0.016462109982967377,0.0003299340605735779,0.010184456462703273,0.023717928556275296,0.011233672553921312,0.010202415404706698,0.028871113592861174,0.01123851660732196,0.110719233751297,0.3397171199321747,29.592456817626953
invariant_cate_reserve_holdout_20260903__position_x0p2_task2_init5_14|libero_object_temp__task2__init12__rollout1__query4,x0.2|task2|init12,x0.2,2,salad dressing,2,114.0,102.0,115.0,100.0,2.23606797749979,-0.14194786548614502,-0.09955624490976334,0.06660420447587967,0.06478092074394226,0.0496235117316246,0.06689819693565369,0.0018232837319374084,0.016980692744255066,0.00029399245977401733,0.009279637485041004,0.02454726635488919,0.011372890243725535,0.009457062726921385,0.029848152565488395,0.011376689503639952,0.10752817243337631,0.3422256112098694,28.869020462036133
invariant_cate_reserve_holdout_20260903__position_x0p2_task2_init15_24|libero_object_temp__task2__init20__rollout0__query4,x0.2|task2|init20,x0.2,2,salad dressing,2,114.0,103.0,115.0,100.0,3.1622776601683795,-0.14295345544815063,-0.09753759205341339,0.06690472364425659,0.14908605813980103,0.04765842854976654,0.06689819693565369,0.08218133449554443,0.01924629509449005,6.5267086029052734e-06,0.1547500986208167,0.027827445976386138,0.013495528758043813,0.17521804919191702,0.03383469557174825,0.013495530336267367,0.0898575484752655,0.3499581217765808,27.516002655029297
invariant_cate_reserve_holdout_20260903__position_x0p2_task2_init15_24|libero_object_temp__task2__init20__rollout1__query4,x0.2|task2|init20,x0.2,2,salad dressing,2,64.0,112.0,68.0,108.0,5.656854249492381,-0.08611097931861877,-0.05268220230937004,0.2864997386932373,0.28247469663619995,0.267616868019104,0.06689819693565369,0.0040250420570373535,0.0188828706741333,0.21960154175758362,0.02535853013890088,0.02278657327521211,0.5439551628294887,0.025675981273681904,0.029593761614952807,0.586610651378888,0.06391517072916031,0.3806603252887726,26.034515380859375
invariant_cate_reserve_holdout_20260903__position_x0p2_task2_init15_24|libero_object_temp__task2__init24__rollout0__query4,x0.2|task2|init24,x0.2,2,salad dressing,2,68.0,111.0,68.0,108.0,3.0,-0.08920285850763321,-0.05644954368472099,0.27422282099723816,0.27458667755126953,0.26665884256362915,0.06689819693565369,0.00036385655403137207,0.007563978433609009,0.20732462406158447,0.011221917252840566,0.02006278014802438,0.5405347244539924,0.01122781449889124,0.02144129000345043,0.5789311600551751,0.11039524525403976,0.3420906662940979,26.189456939697266
invariant_cate_reserve_holdout_20260903__position_x0p2_task2_init15_24|libero_object_temp__task2__init24__rollout1__query4,x0.2|task2|init24,x0.2,2,salad dressing,2,72.0,104.0,75.0,107.0,4.242640687119285,-0.09786659479141235,-0.08096683770418167,0.25565290451049805,0.2681538164615631,0.23702852427959442,0.06689819693565369,0.012500911951065063,0.018624380230903625,0.18875470757484436,0.05978911833536295,0.01959319633496297,0.43567765080728893,0.06108200611414392,0.027032589250859378,0.4748087562846993,0.0464332140982151,0.4022328555583954,23.674211502075195
signed_vof_new_task_holdout_20260903__position_x0p2_task5_init5_14|libero_object_temp__task5__init12__rollout0__query4,x0.2|task5|init12,x0.2,5,tomato sauce,2,127.0,101.0,124.0,100.0,3.1622776601683795,-0.08976095169782639,-0.09993920475244522,0.03839259594678879,0.033624447882175446,0.0,0.03839259594678879,0.004768148064613342,0.03839259594678879,0.0,0.03315116058787937,0.08883255373978528,0.025323755742023037,0.03349230783761314,0.09677403591596882,0.025323755742023037,0.05658211559057236,0.36810293793678284,31.206098556518555
signed_vof_new_task_holdout_20260903__position_x0p2_task5_init5_14|libero_object_temp__task5__init12__rollout1__query4,x0.2|task5|init12,x0.2,5,tomato sauce,2,127.0,101.0,124.0,100.0,3.1622776601683795,-0.08976095169782639,-0.09993920475244522,0.03839259594678879,0.03354550153017044,0.0,0.03839259594678879,0.004847094416618347,0.03839259594678879,0.0,0.03328114056692968,0.08883255373978528,0.025323755742023037,0.03363225597130447,0.09677403591596882,0.025323755742023037,0.05172043293714523,0.3794828951358795,29.07143783569336
signed_vof_new_task_holdout_20260903__position_x0p2_task5_init5_14|libero_object_temp__task5__init13__rollout0__query4,x0.2|task5|init13,x0.2,5,tomato sauce,2,89.0,111.0,148.0,115.0,59.135437767890075,-0.10250961780548096,-0.06033458560705185,0.19133161008358002,0.033336885273456573,0.030353263020515442,0.03839259594678879,0.15799472481012344,0.16097834706306458,0.15293901413679123,0.13945670055881942,0.1352959913963535,0.1465080622999926,0.2107379994177103,0.21028322213405098,0.21178988258184606,0.001971855526790023,0.9509983658790588,9.58478832244873
signed_vof_new_task_holdout_20260903__position_x0p2_task5_init5_14|libero_object_temp__task5__init13__rollout1__query4,x0.2|task5|init13,x0.2,5,tomato sauce,2,89.0,110.0,147.0,115.0,58.215118311311535,-0.10443994402885437,-0.06210905313491821,0.18806225061416626,0.03305647522211075,0.003352892817929387,0.03839259594678879,0.1550057753920555,0.18470935779623687,0.14966965466737747,0.1353277614132445,0.09372045957093933,0.14281360706885948,0.20576781432967692,0.2071257381391465,0.20687371000750823,0.0026257368735969067,0.9304141998291016,9.934249877929688
signed_vof_new_task_holdout_20260903__position_x0p2_task5_init15_24|libero_object_temp__task5__init19__rollout0__query4,x0.2|task5|init19,x0.2,5,tomato sauce,2,127.0,101.0,124.0,100.0,3.1622776601683795,-0.08976095169782639,-0.09993920475244522,0.03839259594678879,0.03485935181379318,0.024283407256007195,0.03839259594678879,0.0035332441329956055,0.014109188690781593,0.0,0.03111928794845184,0.04857552958214453,0.025323755742023037,0.031319225669259564,0.0505831125940059,0.025323755742023037,0.058693740516901016,0.361054003238678,30.53338050842285
signed_vof_new_task_holdout_20260903__position_x0p2_task5_init15_24|libero_object_temp__task5__init19__rollout1__query4,x0.2|task5|init19,x0.2,5,tomato sauce,2,127.0,101.0,124.0,100.0,3.1622776601683795,-0.08976095169782639,-0.09993920475244522,0.03839259594678879,0.035176075994968414,0.014975774101912975,0.03839259594678879,0.0032165199518203735,0.023416821844875813,0.0,0.030598593194753457,0.06399166366015129,0.025323755742023037,0.030767188790958317,0.06814162137275998,0.025323755742023037,0.06576476991176605,0.35490959882736206,31.35531234741211
signed_vof_new_task_holdout_20260903__position_y0p1_task5_init5_14|libero_object_temp__task5__init12__rollout0__query4,y0.1|task5|init12,y0.1,5,tomato sauce,2,149.0,115.0,148.0,115.0,1.0,0.04810623452067375,-0.04483124613761902,0.03839259594678879,0.034937843680381775,0.0,0.03839259594678879,0.003454752266407013,0.03839259594678879,0.0,0.009845995676376505,0.058622828494315715,0.005068067339383143,0.01043450737128827,0.0700758692005125,0.005068067339383143,0.3116314113140106,0.22105376422405243,41.42341613769531
signed_vof_new_task_holdout_20260903__position_y0p1_task5_init5_14|libero_object_temp__task5__init12__rollout1__query4,y0.1|task5|init12,y0.1,5,tomato sauce,2,149.0,115.0,148.0,115.0,1.0,0.04739832878112793,-0.04547850787639618,0.03839259594678879,0.0340995118021965,0.011620762757956982,0.03839259594678879,0.004293084144592285,0.026771833188831806,0.0,0.0103525470727161,0.041667126848940333,0.0045255478123534245,0.011207399447032857,0.04952656370208133,0.0045255478123534245,0.37218719720840454,0.2014589011669159,40.427677154541016
signed_vof_new_task_holdout_20260903__position_y0p1_task5_init5_14|libero_object_temp__task5__init14__rollout0__query4,y0.1|task5|init14,y0.1,5,tomato sauce,2,149.0,115.0,148.0,115.0,1.0,0.04828455671668053,-0.0443384051322937,0.03839259594678879,0.03456029295921326,0.0,0.03839259594678879,0.003832302987575531,0.03839259594678879,0.0,0.010538417828796526,0.058820010273862904,0.005196905799841008,0.011213598732025183,0.07024090711366647,0.005196905799841008,0.2845457196235657,0.22456710040569305,41.74302673339844
signed_vof_new_task_holdout_20260903__position_y0p1_task5_init5_14|libero_object_temp__task5__init14__rollout1__query4,y0.1|task5|init14,y0.1,5,tomato sauce,2,149.0,116.0,148.0,116.0,1.0,0.0495404452085495,-0.04216233268380165,0.03839259594678879,0.032660357654094696,0.029674416407942772,0.03839259594678879,0.005732238292694092,0.008718179538846016,0.0,0.014486745195181658,0.018633793972128006,0.006612405733501051,0.015579613030956427,0.020572431364991046,0.006612405733501051,0.357936292886734,0.20416788756847382,38.55234909057617
signed_vof_new_task_holdout_20260903__position_y0p1_task5_init15_24|libero_object_temp__task5__init15__rollout0__query4,y0.1|task5|init15,y0.1,5,tomato sauce,2,149.0,119.0,148.0,116.0,3.1622776601683795,0.05174032971262932,-0.031436048448085785,0.03839259594678879,0.03285526484251022,0.022922104224562645,0.03839259594678879,0.0055373311042785645,0.015470491722226143,0.0,0.018991619895789784,0.03193586343345506,0.012664686421921778,0.019782407892482885,0.03548570821285323,0.012664686421921778,0.08322080224752426,0.3370339572429657,35.47784423828125
signed_vof_new_task_holdout_20260903__position_y0p1_task5_init15_24|libero_object_temp__task5__init15__rollout1__query4,y0.1|task5|init15,y0.1,5,tomato sauce,2,149.0,119.0,148.0,116.0,3.1622776601683795,0.051355358213186264,-0.03037942573428154,0.03839259594678879,0.033001065254211426,0.02975713275372982,0.03839259594678879,0.005391530692577362,0.008635463193058968,0.0,0.01905261843965092,0.023044717225251803,0.013212028057376465,0.01980077959616565,0.0246095553911584,0.013212028057376465,0.07641318440437317,0.3351459205150604,37.279884338378906
signed_vof_new_task_holdout_20260903__position_y0p1_task5_init15_24|libero_object_temp__task5__init17__rollout0__query4,y0.1|task5|init17,y0.1,5,tomato sauce,2,149.0,115.0,148.0,115.0,1.0,0.047535646706819534,-0.04487639665603638,0.03839259594678879,0.0348844900727272,0.0,0.03839259594678879,0.0035081058740615845,0.03839259594678879,0.0,0.009352845820724461,0.0580510307991156,0.0045123045457939985,0.009989120670502906,0.06959822986522898,0.0045123045457939985,0.2708074748516083,0.23463954031467438,39.801429748535156
signed_vof_new_task_holdout_20260903__position_y0p1_task5_init15_24|libero_object_temp__task5__init17__rollout1__query4,y0.1|task5|init17,y0.1,5,tomato sauce,2,149.0,114.0,148.0,115.0,1.4142135623730951,0.04796789959073067,-0.04589194804430008,0.03839259594678879,0.035029336810112,0.0,0.03839259594678879,0.0033632591366767883,0.03839259594678879,0.0,0.009694972089665884,0.0584576133826165,0.0051995084311270735,0.010261773523121642,0.06993771504649582,0.0051995084311270735,0.28985491394996643,0.23203544318675995,39.081329345703125
signed_vof_new_task_holdout_20260903__position_y0p1_task5_init15_24|libero_object_temp__task5__init20__rollout0__query4,y0.1|task5|init20,y0.1,5,tomato sauce,2,140.0,104.0,148.0,116.0,14.422205101855956,0.0019905990920960903,-0.08372791111469269,0.04173238202929497,0.03445560485124588,0.0,0.03839259594678879,0.0072767771780490875,0.04173238202929497,0.00333978608250618,0.055658036668697314,0.04236138176174978,0.059512629527509034,0.05613170701050372,0.05946493399141831,0.05960626849883695,0.0176397655159235,0.8140408396720886,12.299840927124023
signed_vof_new_task_holdout_20260903__position_y0p1_task5_init15_24|libero_object_temp__task5__init20__rollout1__query4,y0.1|task5|init20,y0.1,5,tomato sauce,2,149.0,115.0,148.0,115.0,1.0,0.048483721911907196,-0.04502612724900246,0.03839259594678879,0.03329145908355713,0.0,0.03839259594678879,0.005101136863231659,0.03839259594678879,0.0,0.012521527412961062,0.05899375430449755,0.005471962318915574,0.01352073393166792,0.07038646510851931,0.005471962318915574,0.32958748936653137,0.2143561840057373,38.85887908935547
signed_vof_new_task_holdout_20260903__position_y0p1_task5_init15_24|libero_object_temp__task5__init21__rollout0__query4,y0.1|task5|init21,y0.1,5,tomato sauce,2,148.0,115.0,148.0,116.0,1.0,0.040916893631219864,-0.04412243142724037,0.03839259594678879,0.03136153519153595,0.03157838433980942,0.03839259594678879,0.007031060755252838,0.00681421160697937,0.0,0.008189942627991146,0.00791403466067279,0.00406465676796026,0.01079402499505373,0.010443439301064695,0.00406465676796026,0.24801574647426605,0.21743938326835632,31.253202438354492
signed_vof_new_task_holdout_20260903__position_y0p1_task5_init15_24|libero_object_temp__task5__init21__rollout1__query4,y0.1|task5|init21,y0.1,5,tomato sauce,2,149.0,116.0,148.0,116.0,1.0,0.04944821447134018,-0.04203469306230545,0.03839244320988655,0.03471158444881439,0.026406871154904366,0.03839259594678879,0.003680858761072159,0.011985572054982185,1.5273690223693848e-07,0.01154344980666615,0.023086454564375677,0.00649490120188615,0.012116103113542012,0.02601227252352536,0.006494901203682064,0.2697254717350006,0.23531214892864227,38.988826751708984
signed_vof_new_task_holdout_20260903__position_y0p1_task5_init5_14|libero_object_temp__task5__init5__rollout0__query4,y0.1|task5|init5,y0.1,5,tomato sauce,2,149.0,116.0,148.0,116.0,1.0,0.049161143600940704,-0.0416419543325901,0.03839259594678879,0.03368152678012848,0.04450344294309616,0.03839259594678879,0.004711069166660309,0.006110846996307373,0.0,0.01265740571034562,0.0028105585178655685,0.006141333850070087,0.013505705905629196,0.00672619433220789,0.006141333850070087,0.2891898453235626,0.22533603012561798,45.11430358886719
signed_vof_new_task_holdout_20260903__position_y0p1_task5_init5_14|libero_object_temp__task5__init5__rollout1__query4,y0.1|task5|init5,y0.1,5,tomato sauce,2,149.0,116.0,148.0,116.0,1.0,0.047205600887537,-0.04027950018644333,0.03839259594678879,0.03333418816328049,0.053521156311035156,0.03839259594678879,0.005058407783508301,0.015128560364246368,0.0,0.011195403051252396,0.01701041947688253,0.004132007547051765,0.012285134870413508,0.022764615293787652,0.004132007547051765,0.2975422143936157,0.237361341714859,43.55942153930664
signed_vof_new_task_holdout_20260903__position_y0p1_task5_init5_14|libero_object_temp__task5__init8__rollout0__query4,y0.1|task5|init8,y0.1,5,tomato sauce,2,149.0,119.0,148.0,116.0,3.1622776601683795,0.051022253930568695,-0.03093932941555977,0.03839259594678879,0.03326559066772461,0.040237728506326675,0.03839259594678879,0.0051270052790641785,0.0018451325595378876,0.0,0.018147614724041774,0.011016154846730452,0.012567119761903093,0.018857945362732647,0.011169609741141794,0.012567119761903093,0.061250049620866776,0.33324122428894043,38.01448059082031
signed_vof_new_task_holdout_20260903__position_y0p1_task5_init5_14|libero_object_temp__task5__init8__rollout1__query4,y0.1|task5|init8,y0.1,5,tomato sauce,2,149.0,119.0,148.0,123.0,4.123105625617661,0.05053078010678291,-0.029992403462529182,0.03839259594678879,0.03303266316652298,0.0171637162566185,0.03839259594678879,0.005359932780265808,0.021228879690170288,0.0,0.019713630475059297,0.039096169349200086,0.015009507087175184,0.02042929528682168,0.0444879285950813,0.015009507087175184,0.06700108200311661,0.3347964882850647,37.11920166015625
signed_vof_new_task_holdout_20260903__position_y0p3_task5_init15_24|libero_object_temp__task5__init19__rollout0__query4,y0.3|task5|init19,y0.3,5,tomato sauce,2,149.0,161.0,148.0,163.0,2.23606797749979,0.05023904889822006,0.11006079614162445,0.03839259594678879,0.033538512885570526,0.0008406116394326091,0.03839259594678879,0.004854083061218262,0.03755198430735618,0.0,0.01688371444006005,0.0616345550411685,0.01119201822222276,0.01756763887546355,0.07217319378095134,0.01119201822222276,0.1018734723329544,0.3442961573600769,34.069644927978516
signed_vof_new_task_holdout_20260903__position_y0p3_task5_init15_24|libero_object_temp__task5__init19__rollout1__query4,y0.3|task5|init19,y0.3,5,tomato sauce,2,149.0,161.0,148.0,163.0,2.23606797749979,0.05023904889822006,0.11006079614162445,0.03839259594678879,0.03375627100467682,0.0013833942357450724,0.03839259594678879,0.004636324942111969,0.037009201711043715,0.0,0.016609848447385413,0.06087565609558662,0.01119201822222276,0.01724478397701639,0.07124272956840476,0.01119201822222276,0.100692979991436,0.3456835448741913,33.59549331665039
signed_vof_new_task_holdout_20260903__position_y0p3_task5_init15_24|libero_object_temp__task5__init22__rollout0__query4,y0.3|task5|init22,y0.3,5,tomato sauce,2,149.0,161.0,148.0,163.0,2.23606797749979,0.05023904889822006,0.11006079614162445,0.03839259594678879,0.034775473177433014,0.0,0.03839259594678879,0.003617122769355774,0.03839259594678879,0.0,0.015344613336311753,0.06281014679222441,0.01119201822222276,0.01576517477129602,0.07361457711346416,0.01119201822222276,0.09894228726625443,0.34746724367141724,32.890541076660156
signed_vof_new_task_holdout_20260903__position_y0p3_task5_init15_24|libero_object_temp__task5__init22__rollout1__query4,y0.3|task5|init22,y0.3,5,tomato sauce,2,149.0,161.0,148.0,163.0,2.23606797749979,0.05023904889822006,0.11006079614162445,0.03839259594678879,0.0335969403386116,0.0,0.03839259594678879,0.004795655608177185,0.03839259594678879,0.0,0.01681012081527221,0.06281014679222441,0.01119201822222276,0.017480803028931173,0.07361457711346416,0.01119201822222276,0.10016994923353195,0.34680575132369995,32.829612731933594
signed_vof_new_task_holdout_20260903__position_y0p3_task5_init5_14|libero_object_temp__task5__init8__rollout0__query4,y0.3|task5|init8,y0.3,5,tomato sauce,2,149.0,161.0,148.0,163.0,2.23606797749979,0.05023904889822006,0.11006079614162445,0.03839259594678879,0.033912502229213715,0.0,0.03839259594678879,0.004480093717575073,0.03839259594678879,0.0,0.01641408026846603,0.06281014679222441,0.01119201822222276,0.017014501778715167,0.07361457711346416,0.01119201822222276,0.0922463908791542,0.3549611270427704,30.76590919494629
signed_vof_new_task_holdout_20260903__position_y0p3_task5_init5_14|libero_object_temp__task5__init8__rollout1__query4,y0.3|task5|init8,y0.3,5,tomato sauce,2,149.0,161.0,148.0,163.0,2.23606797749979,0.05023904889822006,0.11006079614162445,0.03839259594678879,0.03408107906579971,0.0,0.03839259594678879,0.004311516880989075,0.03839259594678879,0.0,0.01620354312064772,0.06281014679222441,0.01119201822222276,0.016767348850600765,0.07361457711346416,0.01119201822222276,0.09164802730083466,0.35529863834381104,30.7243709564209
