family,scheme,target,kind,positives,negatives,spearman,auc,rmse
relative,leave_one_task,commit_target_lift,continuous,,,0.4241005707260673,,0.030833270027181
relative,leave_one_task,feedback_target_lift,continuous,,,0.3778752609246019,,0.0323821520178371
relative,leave_one_task,lift_advantage,continuous,,,-0.1014990995441005,,0.006213205551968
relative,leave_one_task,commit_target_eef_distance,continuous,,,0.5307973621761772,,0.0520332292730731
relative,leave_one_task,feedback_target_eef_distance,continuous,,,0.5260520808156272,,0.0528619052278317
relative,leave_one_task,distance_advantage,continuous,,,0.5089772343993859,,0.003958363305987
relative,leave_one_task,commit_target_contact_count,continuous,,,0.4864932893857464,,27.558622000524803
relative,leave_one_task,feedback_target_contact_count,continuous,,,0.4760847239990616,,31.083458807518284
relative,leave_one_task,commit_target_contact,binary,141.0,499.0,,0.6663539845648744,0.3577554643717971
relative,leave_one_task,feedback_target_contact,binary,126.0,514.0,,0.734729170526836,0.3271946209534204
relative,leave_one_task,commit_drop,binary,29.0,611.0,,0.6408375190473503,0.209842174430168
relative,leave_one_task,feedback_drop,binary,16.0,624.0,,0.4276842948717949,0.1601709960418066
relative,leave_one_task,commit_wrong,binary,21.0,619.0,,0.5025001923224863,0.1841322665792949
relative,leave_one_task,feedback_wrong,binary,39.0,601.0,,0.5577883015487008,0.2555801993656233
relative,leave_one_task,commit_deadlock,binary,35.0,605.0,,0.6384415584415585,0.2263252570178112
relative,leave_one_task,feedback_deadlock,binary,83.0,557.0,,0.2144015920053643,0.3660544240187522
relative,leave_one_level,commit_target_lift,continuous,,,0.4188961077777241,,0.0309255172317512
relative,leave_one_level,feedback_target_lift,continuous,,,0.3515552647263341,,0.0327601407656097
relative,leave_one_level,lift_advantage,continuous,,,-0.136019306234964,,0.0065458519722239
relative,leave_one_level,commit_target_eef_distance,continuous,,,0.2123277888862033,,0.0718693504108556
relative,leave_one_level,feedback_target_eef_distance,continuous,,,0.2005442823346737,,0.0731507628617456
relative,leave_one_level,distance_advantage,continuous,,,0.4302132156429222,,0.0040370580071139
relative,leave_one_level,commit_target_contact_count,continuous,,,0.4406850964053651,,28.87620021900465
relative,leave_one_level,feedback_target_contact_count,continuous,,,0.444455412815506,,32.32932087522558
relative,leave_one_level,commit_target_contact,binary,141.0,499.0,,0.6355405847155303,0.3674654032764329
relative,leave_one_level,feedback_target_contact,binary,126.0,514.0,,0.7094682230869002,0.3212869319381402
relative,leave_one_level,commit_drop,binary,29.0,611.0,,0.5582707827755516,0.221451784357657
relative,leave_one_level,feedback_drop,binary,16.0,624.0,,0.3329326923076923,0.1669959653585757
relative,leave_one_level,commit_wrong,binary,21.0,619.0,,0.3044080313870297,0.186293197570882
relative,leave_one_level,feedback_wrong,binary,39.0,601.0,,0.3889671061052093,0.267297574701334
relative,leave_one_level,commit_deadlock,binary,35.0,605.0,,0.6627626918536009,0.2319342355064788
relative,leave_one_level,feedback_deadlock,binary,83.0,557.0,,0.3170816119054314,0.3624523709421196
relative,leave_one_cell,commit_target_lift,continuous,,,0.4071592905619848,,0.0328575024461369
relative,leave_one_cell,feedback_target_lift,continuous,,,0.3742826993933243,,0.0336722710472693
relative,leave_one_cell,lift_advantage,continuous,,,-0.2317617876817011,,0.0059449122055343
relative,leave_one_cell,commit_target_eef_distance,continuous,,,0.480972136772795,,0.0555493088178436
relative,leave_one_cell,feedback_target_eef_distance,continuous,,,0.4709098258296529,,0.0564310257615767
relative,leave_one_cell,distance_advantage,continuous,,,0.5093597164994432,,0.0039677079599948
relative,leave_one_cell,commit_target_contact_count,continuous,,,0.4971278171457315,,26.963073986806982
relative,leave_one_cell,feedback_target_contact_count,continuous,,,0.4916931582385132,,30.383183955475516
relative,leave_one_cell,commit_target_contact,binary,141.0,499.0,,0.6398612828493867,0.3653310935048425
relative,leave_one_cell,feedback_target_contact,binary,126.0,514.0,,0.7168797480081527,0.3254835116129433
relative,leave_one_cell,commit_drop,binary,29.0,611.0,,0.6036458039392743,0.2170136383713191
relative,leave_one_cell,feedback_drop,binary,16.0,624.0,,0.3933293269230769,0.1600448948461288
relative,leave_one_cell,commit_wrong,binary,21.0,619.0,,0.4506500500038464,0.1869975415111811
relative,leave_one_cell,feedback_wrong,binary,39.0,601.0,,0.4964375613294082,0.2635587958121028
relative,leave_one_cell,commit_deadlock,binary,35.0,605.0,,0.5983471074380166,0.2329749146312175
relative,leave_one_cell,feedback_deadlock,binary,83.0,557.0,,0.3479916073630248,0.3542422928883087
relative_object_global,leave_one_task,commit_target_lift,continuous,,,0.3345297085451979,,0.0377385227408917
relative_object_global,leave_one_task,feedback_target_lift,continuous,,,0.2676578724430711,,0.0406405796138475
relative_object_global,leave_one_task,lift_advantage,continuous,,,-0.0948389947037314,,0.0067708755689041
relative_object_global,leave_one_task,commit_target_eef_distance,continuous,,,0.3381633927328925,,0.0623716683173297
relative_object_global,leave_one_task,feedback_target_eef_distance,continuous,,,0.3300070770436452,,0.0627513643467958
relative_object_global,leave_one_task,distance_advantage,continuous,,,0.4850915874876249,,0.0038481774088496
relative_object_global,leave_one_task,commit_target_contact_count,continuous,,,0.4225973797341579,,32.37488998789121
relative_object_global,leave_one_task,feedback_target_contact_count,continuous,,,0.4089532943074,,37.555210420908
relative_object_global,leave_one_task,commit_target_contact,binary,141.0,499.0,,0.6814622152105629,0.3741706046848616
relative_object_global,leave_one_task,feedback_target_contact,binary,126.0,514.0,,0.7410135260329813,0.3413017431417695
relative_object_global,leave_one_task,commit_drop,binary,29.0,611.0,,0.6324849032112422,0.2090049146472815
relative_object_global,leave_one_task,feedback_drop,binary,16.0,624.0,,0.4090544871794871,0.1602412448390274
relative_object_global,leave_one_task,commit_wrong,binary,21.0,619.0,,0.5400415416570505,0.1842236506045784
relative_object_global,leave_one_task,feedback_wrong,binary,39.0,601.0,,0.5355603908016554,0.257795247094373
relative_object_global,leave_one_task,commit_deadlock,binary,35.0,605.0,,0.5839905548996458,0.2281613786952337
relative_object_global,leave_one_task,feedback_deadlock,binary,83.0,557.0,,0.3043412428889706,0.3654670809760906
relative_object_global,leave_one_level,commit_target_lift,continuous,,,0.3869952799423061,,0.0354340517063315
relative_object_global,leave_one_level,feedback_target_lift,continuous,,,0.3005669880593145,,0.038746888224726
relative_object_global,leave_one_level,lift_advantage,continuous,,,-0.0868983917613991,,0.0071921484585576
relative_object_global,leave_one_level,commit_target_eef_distance,continuous,,,0.1414146213735873,,0.0737484583218629
relative_object_global,leave_one_level,feedback_target_eef_distance,continuous,,,0.1368762954743542,,0.0746387426742362
relative_object_global,leave_one_level,distance_advantage,continuous,,,0.4041176604665374,,0.0042146707089937
relative_object_global,leave_one_level,commit_target_contact_count,continuous,,,0.3736336313708387,,31.956275922582524
relative_object_global,leave_one_level,feedback_target_contact_count,continuous,,,0.3594403883244115,,36.903721912348615
relative_object_global,leave_one_level,commit_target_contact,binary,141.0,499.0,,0.6562486675478617,0.351724620388057
relative_object_global,leave_one_level,feedback_target_contact,binary,126.0,514.0,,0.7283676116360941,0.3101855288530007
relative_object_global,leave_one_level,commit_drop,binary,29.0,611.0,,0.5013826965404368,0.2202215677542776
relative_object_global,leave_one_level,feedback_drop,binary,16.0,624.0,,0.3183092948717949,0.1689941795410128
relative_object_global,leave_one_level,commit_wrong,binary,21.0,619.0,,0.2904838833756443,0.1892430079783997
relative_object_global,leave_one_level,feedback_wrong,binary,39.0,601.0,,0.3536840308886897,0.2749149955960123
relative_object_global,leave_one_level,commit_deadlock,binary,35.0,605.0,,0.58913813459268,0.2332929910474671
relative_object_global,leave_one_level,feedback_deadlock,binary,83.0,557.0,,0.371417447167485,0.357575069625698
relative_object_global,leave_one_cell,commit_target_lift,continuous,,,0.3258482058595806,,0.0398619227897751
relative_object_global,leave_one_cell,feedback_target_lift,continuous,,,0.2865465872279928,,0.0422241446580323
relative_object_global,leave_one_cell,lift_advantage,continuous,,,-0.208405865832331,,0.0062813554638072
relative_object_global,leave_one_cell,commit_target_eef_distance,continuous,,,0.230662413116243,,0.0667740244385813
relative_object_global,leave_one_cell,feedback_target_eef_distance,continuous,,,0.2189686742399273,,0.0673237605590513
relative_object_global,leave_one_cell,distance_advantage,continuous,,,0.5058588456894864,,0.0038609582788907
relative_object_global,leave_one_cell,commit_target_contact_count,continuous,,,0.3790621397025251,,33.26689621825239
relative_object_global,leave_one_cell,feedback_target_contact_count,continuous,,,0.3880706377116902,,38.10492066229984
relative_object_global,leave_one_cell,commit_target_contact,binary,141.0,499.0,,0.6571298625620035,0.365476241656752
relative_object_global,leave_one_cell,feedback_target_contact,binary,126.0,514.0,,0.7321042554505589,0.3277086759746188
relative_object_global,leave_one_cell,commit_drop,binary,29.0,611.0,,0.5741294655454596,0.2173952754373565
relative_object_global,leave_one_cell,feedback_drop,binary,16.0,624.0,,0.3851161858974359,0.1607393494971348
relative_object_global,leave_one_cell,commit_wrong,binary,21.0,619.0,,0.4904992691745519,0.1895878898176826
relative_object_global,leave_one_cell,feedback_wrong,binary,39.0,601.0,,0.4588079696232774,0.2681597280021218
relative_object_global,leave_one_cell,commit_deadlock,binary,35.0,605.0,,0.5316174734356552,0.2352160412010907
relative_object_global,leave_one_cell,feedback_deadlock,binary,83.0,557.0,,0.3962492699703662,0.3541414920082182
object_spatial_only,leave_one_task,commit_target_lift,continuous,,,0.307845249718949,,0.0447532714263338
object_spatial_only,leave_one_task,feedback_target_lift,continuous,,,0.307197404296081,,0.0448544030766762
object_spatial_only,leave_one_task,lift_advantage,continuous,,,-0.1515957145675747,,0.0059702296258026
object_spatial_only,leave_one_task,commit_target_eef_distance,continuous,,,0.1146046193960434,,0.0828272325862741
object_spatial_only,leave_one_task,feedback_target_eef_distance,continuous,,,0.1261781034621666,,0.0815012864011461
object_spatial_only,leave_one_task,distance_advantage,continuous,,,0.0326140535655235,,0.0059876121218415
object_spatial_only,leave_one_task,commit_target_contact_count,continuous,,,0.4832544821266187,,37.57888199850045
object_spatial_only,leave_one_task,feedback_target_contact_count,continuous,,,0.4476056706344476,,39.70027537408463
object_spatial_only,leave_one_task,commit_target_contact,binary,141.0,499.0,,0.609786949786097,0.4331633541367659
object_spatial_only,leave_one_task,feedback_target_contact,binary,126.0,514.0,,0.7201222901612007,0.3847508992040941
object_spatial_only,leave_one_task,commit_drop,binary,29.0,611.0,,0.4237823804955133,0.2184625627819963
object_spatial_only,leave_one_task,feedback_drop,binary,16.0,624.0,,0.410957532051282,0.159810122998099
object_spatial_only,leave_one_task,commit_wrong,binary,21.0,619.0,,0.3484883452573274,0.1810487279031374
object_spatial_only,leave_one_task,feedback_wrong,binary,39.0,601.0,,0.5746405563377277,0.2436036589707849
object_spatial_only,leave_one_task,commit_deadlock,binary,35.0,605.0,,0.4093978748524203,0.2343217827691892
object_spatial_only,leave_one_task,feedback_deadlock,binary,83.0,557.0,,0.6833726287555969,0.3230425784330508
object_spatial_only,leave_one_level,commit_target_lift,continuous,,,0.3543822294594949,,0.0507901738908432
object_spatial_only,leave_one_level,feedback_target_lift,continuous,,,0.3564189203569018,,0.0504931112588006
object_spatial_only,leave_one_level,lift_advantage,continuous,,,-0.2590562588904972,,0.0048065048430767
object_spatial_only,leave_one_level,commit_target_eef_distance,continuous,,,0.3041515146521354,,0.0626501502935557
object_spatial_only,leave_one_level,feedback_target_eef_distance,continuous,,,0.291913630770583,,0.0640578778653715
object_spatial_only,leave_one_level,distance_advantage,continuous,,,-0.1183182318520938,,0.0058548773647408
object_spatial_only,leave_one_level,commit_target_contact_count,continuous,,,0.3191023585596031,,48.154715102956544
object_spatial_only,leave_one_level,feedback_target_contact_count,continuous,,,0.3000849047996987,,49.87805945967767
object_spatial_only,leave_one_level,commit_target_contact,binary,141.0,499.0,,0.7247828991315965,0.3892365338273504
object_spatial_only,leave_one_level,feedback_target_contact,binary,126.0,514.0,,0.7623525415354209,0.3591888370557515
object_spatial_only,leave_one_level,commit_drop,binary,29.0,611.0,,0.2993396918561996,0.2212195357445713
object_spatial_only,leave_one_level,feedback_drop,binary,16.0,624.0,,0.2473958333333333,0.1636853948891155
object_spatial_only,leave_one_level,commit_wrong,binary,21.0,619.0,,0.2403261789368413,0.1869176228860208
object_spatial_only,leave_one_level,feedback_wrong,binary,39.0,601.0,,0.4811638721788472,0.2512641344086457
object_spatial_only,leave_one_level,commit_deadlock,binary,35.0,605.0,,0.5410625737898466,0.2312454804072584
object_spatial_only,leave_one_level,feedback_deadlock,binary,83.0,557.0,,0.774458696545608,0.3150296733704198
object_spatial_only,leave_one_cell,commit_target_lift,continuous,,,0.3375432474232989,,0.04544600215685
object_spatial_only,leave_one_cell,feedback_target_lift,continuous,,,0.3398273869153503,,0.0453293692324365
object_spatial_only,leave_one_cell,lift_advantage,continuous,,,-0.2080884583181907,,0.0047419480364904
object_spatial_only,leave_one_cell,commit_target_eef_distance,continuous,,,0.2795433613119173,,0.0641411584185365
object_spatial_only,leave_one_cell,feedback_target_eef_distance,continuous,,,0.2628701486087613,,0.0651281942731475
object_spatial_only,leave_one_cell,distance_advantage,continuous,,,-0.0584579688616973,,0.0057675527107282
object_spatial_only,leave_one_cell,commit_target_contact_count,continuous,,,0.4354816963499713,,41.40847012812824
object_spatial_only,leave_one_cell,feedback_target_contact_count,continuous,,,0.3908763690507263,,43.57570478872666
object_spatial_only,leave_one_cell,commit_target_contact,binary,141.0,499.0,,0.7052118421239643,0.3835700913959989
object_spatial_only,leave_one_cell,feedback_target_contact,binary,126.0,514.0,,0.7743345068247792,0.3478354588033297
object_spatial_only,leave_one_cell,commit_drop,binary,29.0,611.0,,0.3496811332467972,0.2199548491940479
object_spatial_only,leave_one_cell,feedback_drop,binary,16.0,624.0,,0.3024839743589743,0.1615333585603062
object_spatial_only,leave_one_cell,commit_wrong,binary,21.0,619.0,,0.2465574274944226,0.183831131730182
object_spatial_only,leave_one_cell,feedback_wrong,binary,39.0,601.0,,0.5011305943086309,0.2456836935124343
object_spatial_only,leave_one_cell,commit_deadlock,binary,35.0,605.0,,0.4979456906729634,0.2314127028226055
object_spatial_only,leave_one_cell,feedback_deadlock,binary,83.0,557.0,,0.794748112738206,0.3180523510369375
relative_object_spatial,leave_one_task,commit_target_lift,continuous,,,0.1993620276725157,,0.048834358418355
relative_object_spatial,leave_one_task,feedback_target_lift,continuous,,,0.170642851863984,,0.0531362594982529
relative_object_spatial,leave_one_task,lift_advantage,continuous,,,-0.1685289245264858,,0.008147666259042
relative_object_spatial,leave_one_task,commit_target_eef_distance,continuous,,,0.0698092677228216,,0.0980005645303471
relative_object_spatial,leave_one_task,feedback_target_eef_distance,continuous,,,0.0642637677338079,,0.0988846644305926
relative_object_spatial,leave_one_task,distance_advantage,continuous,,,0.466628056891306,,0.0053224276577027
relative_object_spatial,leave_one_task,commit_target_contact_count,continuous,,,0.3624669922065959,,39.8074824276716
relative_object_spatial,leave_one_task,feedback_target_contact_count,continuous,,,0.3705568566467168,,43.61694093209356
relative_object_spatial,leave_one_task,commit_target_contact,binary,141.0,499.0,,0.5965548117511619,0.4030746255088263
relative_object_spatial,leave_one_task,feedback_target_contact,binary,126.0,514.0,,0.6679791242048051,0.3541966989243753
relative_object_spatial,leave_one_task,commit_drop,binary,29.0,611.0,,0.572379931147356,0.2123879180953028
relative_object_spatial,leave_one_task,feedback_drop,binary,16.0,624.0,,0.4178685897435897,0.1606209233477624
relative_object_spatial,leave_one_task,commit_wrong,binary,21.0,619.0,,0.403415647357489,0.1824593169702439
relative_object_spatial,leave_one_task,feedback_wrong,binary,39.0,601.0,,0.6202056401723623,0.2464417911597672
relative_object_spatial,leave_one_task,commit_deadlock,binary,35.0,605.0,,0.5106021251475797,0.2296929254489347
relative_object_spatial,leave_one_task,feedback_deadlock,binary,83.0,557.0,,0.5784862970733923,0.3297764309824108
relative_object_spatial,leave_one_level,commit_target_lift,continuous,,,0.251728381896074,,0.0417882849283515
relative_object_spatial,leave_one_level,feedback_target_lift,continuous,,,0.1913856315564269,,0.0439283681341729
relative_object_spatial,leave_one_level,lift_advantage,continuous,,,-0.0939869702384298,,0.0069402484889397
relative_object_spatial,leave_one_level,commit_target_eef_distance,continuous,,,0.1730529890209693,,0.0692262574117365
relative_object_spatial,leave_one_level,feedback_target_eef_distance,continuous,,,0.1654775310730739,,0.0703328274089948
relative_object_spatial,leave_one_level,distance_advantage,continuous,,,0.4272686346245791,,0.0049715871642304
relative_object_spatial,leave_one_level,commit_target_contact_count,continuous,,,0.2135461118196797,,38.48017253951413
relative_object_spatial,leave_one_level,feedback_target_contact_count,continuous,,,0.2321543714889029,,42.01804794712056
relative_object_spatial,leave_one_level,commit_target_contact,binary,141.0,499.0,,0.6488579996873179,0.3946806524991623
relative_object_spatial,leave_one_level,feedback_target_contact,binary,126.0,514.0,,0.7229324933605089,0.3372895070857817
relative_object_spatial,leave_one_level,commit_drop,binary,29.0,611.0,,0.4194367627969976,0.2225945895627919
relative_object_spatial,leave_one_level,feedback_drop,binary,16.0,624.0,,0.2826522435897436,0.1640542314531334
relative_object_spatial,leave_one_level,commit_wrong,binary,21.0,619.0,,0.2574044157242864,0.1865843405768676
relative_object_spatial,leave_one_level,feedback_wrong,binary,39.0,601.0,,0.5222492427151328,0.2595911766576851
relative_object_spatial,leave_one_level,commit_deadlock,binary,35.0,605.0,,0.6001889020070839,0.2323601671286227
relative_object_spatial,leave_one_level,feedback_deadlock,binary,83.0,557.0,,0.6090285739006295,0.3432012132715178
relative_object_spatial,leave_one_cell,commit_target_lift,continuous,,,0.2219852664875415,,0.0456516480608903
relative_object_spatial,leave_one_cell,feedback_target_lift,continuous,,,0.1886388958700959,,0.0474973703045985
relative_object_spatial,leave_one_cell,lift_advantage,continuous,,,-0.2276128450809768,,0.0066363603174335
relative_object_spatial,leave_one_cell,commit_target_eef_distance,continuous,,,0.1377362981843217,,0.0749551993306738
relative_object_spatial,leave_one_cell,feedback_target_eef_distance,continuous,,,0.1279366069008957,,0.0752292305158975
relative_object_spatial,leave_one_cell,distance_advantage,continuous,,,0.4865364789628175,,0.0046501476434464
relative_object_spatial,leave_one_cell,commit_target_contact_count,continuous,,,0.258503324192991,,35.61403080961091
relative_object_spatial,leave_one_cell,feedback_target_contact_count,continuous,,,0.3136559841729066,,39.16842357674884
relative_object_spatial,leave_one_cell,commit_target_contact,binary,141.0,499.0,,0.6149604172884776,0.386739010673555
relative_object_spatial,leave_one_cell,feedback_target_contact,binary,126.0,514.0,,0.6975480205052189,0.3298839462845994
relative_object_spatial,leave_one_cell,commit_drop,binary,29.0,611.0,,0.4872171115751453,0.2228216976470989
relative_object_spatial,leave_one_cell,feedback_drop,binary,16.0,624.0,,0.3537660256410256,0.1621294462866634
relative_object_spatial,leave_one_cell,commit_wrong,binary,21.0,619.0,,0.2939456881298561,0.1866147554135303
relative_object_spatial,leave_one_cell,feedback_wrong,binary,39.0,601.0,,0.5370109646315969,0.2558456899351769
relative_object_spatial,leave_one_cell,commit_deadlock,binary,35.0,605.0,,0.5223140495867769,0.2344674783289676
relative_object_spatial,leave_one_cell,feedback_deadlock,binary,83.0,557.0,,0.6692262767407151,0.3292494162614487
