case_id,suite,task_id,init_state_id,rollout_seed,strategy_id,baseline_success,success,delta,baseline_strategy_id
goal_mug_task9_init0_adaptive_confirm,libero_goal_with_mug,9,0,760000,action_l1_replay,False,False,0,action_l1
goal_mug_task9_init0_adaptive_confirm,libero_goal_with_mug,9,0,760097,action_l1_replay,True,True,0,action_l1
goal_mug_task9_init0_adaptive_confirm,libero_goal_with_mug,9,0,760194,action_l1_replay,True,True,0,action_l1
goal_mug_task9_init0_adaptive_confirm,libero_goal_with_mug,9,0,760291,action_l1_replay,True,True,0,action_l1
goal_mug_task9_init0_adaptive_confirm,libero_goal_with_mug,9,0,760388,action_l1_replay,False,False,0,action_l1
goal_mug_task9_init0_adaptive_confirm,libero_goal_with_mug,9,0,760485,action_l1_replay,True,True,0,action_l1
goal_mug_task9_init0_adaptive_confirm,libero_goal_with_mug,9,0,760582,action_l1_replay,True,True,0,action_l1
goal_mug_task9_init0_adaptive_confirm,libero_goal_with_mug,9,0,760679,action_l1_replay,True,True,0,action_l1
goal_mug_task9_init0_adaptive_confirm,libero_goal_with_mug,9,0,760776,action_l1_replay,True,True,0,action_l1
goal_mug_task9_init0_adaptive_confirm,libero_goal_with_mug,9,0,760873,action_l1_replay,True,True,0,action_l1
goal_mug_task9_init0_adaptive_confirm,libero_goal_with_mug,9,0,760970,action_l1_replay,True,True,0,action_l1
goal_mug_task9_init0_adaptive_confirm,libero_goal_with_mug,9,0,761067,action_l1_replay,True,True,0,action_l1
goal_mug_task9_init0_adaptive_confirm,libero_goal_with_mug,9,0,761164,action_l1_replay,True,True,0,action_l1
goal_mug_task9_init0_adaptive_confirm,libero_goal_with_mug,9,0,761261,action_l1_replay,True,True,0,action_l1
goal_mug_task9_init0_adaptive_confirm,libero_goal_with_mug,9,0,761358,action_l1_replay,True,True,0,action_l1
goal_mug_task9_init0_adaptive_confirm,libero_goal_with_mug,9,0,761455,action_l1_replay,True,True,0,action_l1
goal_mug_task9_init0_adaptive_confirm,libero_goal_with_mug,9,0,761552,action_l1_replay,True,True,0,action_l1
goal_mug_task9_init0_adaptive_confirm,libero_goal_with_mug,9,0,761649,action_l1_replay,True,True,0,action_l1
goal_mug_task9_init0_adaptive_confirm,libero_goal_with_mug,9,0,761746,action_l1_replay,True,True,0,action_l1
goal_mug_task9_init0_adaptive_confirm,libero_goal_with_mug,9,0,761843,action_l1_replay,True,True,0,action_l1
goal_mug_task9_init0_adaptive_confirm,libero_goal_with_mug,9,0,761940,action_l1_replay,True,True,0,action_l1
goal_mug_task9_init0_adaptive_confirm,libero_goal_with_mug,9,0,762037,action_l1_replay,True,True,0,action_l1
goal_mug_task9_init0_adaptive_confirm,libero_goal_with_mug,9,0,762134,action_l1_replay,True,True,0,action_l1
goal_mug_task9_init0_adaptive_confirm,libero_goal_with_mug,9,0,762231,action_l1_replay,False,False,0,action_l1
goal_mug_task9_init0_adaptive_confirm,libero_goal_with_mug,9,0,762328,action_l1_replay,True,True,0,action_l1
goal_mug_task9_init0_adaptive_confirm,libero_goal_with_mug,9,0,762425,action_l1_replay,True,True,0,action_l1
goal_mug_task9_init0_adaptive_confirm,libero_goal_with_mug,9,0,762522,action_l1_replay,True,True,0,action_l1
goal_mug_task9_init0_adaptive_confirm,libero_goal_with_mug,9,0,762619,action_l1_replay,True,True,0,action_l1
goal_mug_task9_init0_adaptive_confirm,libero_goal_with_mug,9,0,762716,action_l1_replay,True,True,0,action_l1
goal_mug_task9_init0_adaptive_confirm,libero_goal_with_mug,9,0,762813,action_l1_replay,True,True,0,action_l1
goal_mug_task9_init0_adaptive_confirm,libero_goal_with_mug,9,0,760000,max_value,False,True,1,action_l1
goal_mug_task9_init0_adaptive_confirm,libero_goal_with_mug,9,0,760097,max_value,True,True,0,action_l1
goal_mug_task9_init0_adaptive_confirm,libero_goal_with_mug,9,0,760194,max_value,True,True,0,action_l1
goal_mug_task9_init0_adaptive_confirm,libero_goal_with_mug,9,0,760291,max_value,True,True,0,action_l1
goal_mug_task9_init0_adaptive_confirm,libero_goal_with_mug,9,0,760388,max_value,False,False,0,action_l1
goal_mug_task9_init0_adaptive_confirm,libero_goal_with_mug,9,0,760485,max_value,True,True,0,action_l1
goal_mug_task9_init0_adaptive_confirm,libero_goal_with_mug,9,0,760582,max_value,True,True,0,action_l1
goal_mug_task9_init0_adaptive_confirm,libero_goal_with_mug,9,0,760679,max_value,True,True,0,action_l1
goal_mug_task9_init0_adaptive_confirm,libero_goal_with_mug,9,0,760776,max_value,True,True,0,action_l1
goal_mug_task9_init0_adaptive_confirm,libero_goal_with_mug,9,0,760873,max_value,True,True,0,action_l1
goal_mug_task9_init0_adaptive_confirm,libero_goal_with_mug,9,0,760970,max_value,True,True,0,action_l1
goal_mug_task9_init0_adaptive_confirm,libero_goal_with_mug,9,0,761067,max_value,True,True,0,action_l1
goal_mug_task9_init0_adaptive_confirm,libero_goal_with_mug,9,0,761164,max_value,True,True,0,action_l1
goal_mug_task9_init0_adaptive_confirm,libero_goal_with_mug,9,0,761261,max_value,True,True,0,action_l1
goal_mug_task9_init0_adaptive_confirm,libero_goal_with_mug,9,0,761358,max_value,True,True,0,action_l1
goal_mug_task9_init0_adaptive_confirm,libero_goal_with_mug,9,0,761455,max_value,True,True,0,action_l1
goal_mug_task9_init0_adaptive_confirm,libero_goal_with_mug,9,0,761552,max_value,True,False,-1,action_l1
goal_mug_task9_init0_adaptive_confirm,libero_goal_with_mug,9,0,761649,max_value,True,True,0,action_l1
goal_mug_task9_init0_adaptive_confirm,libero_goal_with_mug,9,0,761746,max_value,True,True,0,action_l1
goal_mug_task9_init0_adaptive_confirm,libero_goal_with_mug,9,0,761843,max_value,True,True,0,action_l1
goal_mug_task9_init0_adaptive_confirm,libero_goal_with_mug,9,0,761940,max_value,True,True,0,action_l1
goal_mug_task9_init0_adaptive_confirm,libero_goal_with_mug,9,0,762037,max_value,True,True,0,action_l1
goal_mug_task9_init0_adaptive_confirm,libero_goal_with_mug,9,0,762134,max_value,True,True,0,action_l1
goal_mug_task9_init0_adaptive_confirm,libero_goal_with_mug,9,0,762231,max_value,False,True,1,action_l1
goal_mug_task9_init0_adaptive_confirm,libero_goal_with_mug,9,0,762328,max_value,True,True,0,action_l1
goal_mug_task9_init0_adaptive_confirm,libero_goal_with_mug,9,0,762425,max_value,True,True,0,action_l1
goal_mug_task9_init0_adaptive_confirm,libero_goal_with_mug,9,0,762522,max_value,True,True,0,action_l1
goal_mug_task9_init0_adaptive_confirm,libero_goal_with_mug,9,0,762619,max_value,True,True,0,action_l1
goal_mug_task9_init0_adaptive_confirm,libero_goal_with_mug,9,0,762716,max_value,True,True,0,action_l1
goal_mug_task9_init0_adaptive_confirm,libero_goal_with_mug,9,0,762813,max_value,True,True,0,action_l1
goal_mug_task9_init0_adaptive_confirm,libero_goal_with_mug,9,0,760000,max_value_replay,False,True,1,action_l1
goal_mug_task9_init0_adaptive_confirm,libero_goal_with_mug,9,0,760097,max_value_replay,True,True,0,action_l1
goal_mug_task9_init0_adaptive_confirm,libero_goal_with_mug,9,0,760194,max_value_replay,True,True,0,action_l1
goal_mug_task9_init0_adaptive_confirm,libero_goal_with_mug,9,0,760291,max_value_replay,True,True,0,action_l1
goal_mug_task9_init0_adaptive_confirm,libero_goal_with_mug,9,0,760388,max_value_replay,False,False,0,action_l1
goal_mug_task9_init0_adaptive_confirm,libero_goal_with_mug,9,0,760485,max_value_replay,True,True,0,action_l1
goal_mug_task9_init0_adaptive_confirm,libero_goal_with_mug,9,0,760582,max_value_replay,True,True,0,action_l1
goal_mug_task9_init0_adaptive_confirm,libero_goal_with_mug,9,0,760679,max_value_replay,True,True,0,action_l1
goal_mug_task9_init0_adaptive_confirm,libero_goal_with_mug,9,0,760776,max_value_replay,True,True,0,action_l1
goal_mug_task9_init0_adaptive_confirm,libero_goal_with_mug,9,0,760873,max_value_replay,True,True,0,action_l1
goal_mug_task9_init0_adaptive_confirm,libero_goal_with_mug,9,0,760970,max_value_replay,True,True,0,action_l1
goal_mug_task9_init0_adaptive_confirm,libero_goal_with_mug,9,0,761067,max_value_replay,True,True,0,action_l1
goal_mug_task9_init0_adaptive_confirm,libero_goal_with_mug,9,0,761164,max_value_replay,True,True,0,action_l1
goal_mug_task9_init0_adaptive_confirm,libero_goal_with_mug,9,0,761261,max_value_replay,True,True,0,action_l1
goal_mug_task9_init0_adaptive_confirm,libero_goal_with_mug,9,0,761358,max_value_replay,True,True,0,action_l1
goal_mug_task9_init0_adaptive_confirm,libero_goal_with_mug,9,0,761455,max_value_replay,True,True,0,action_l1
goal_mug_task9_init0_adaptive_confirm,libero_goal_with_mug,9,0,761552,max_value_replay,True,False,-1,action_l1
goal_mug_task9_init0_adaptive_confirm,libero_goal_with_mug,9,0,761649,max_value_replay,True,True,0,action_l1
goal_mug_task9_init0_adaptive_confirm,libero_goal_with_mug,9,0,761746,max_value_replay,True,True,0,action_l1
goal_mug_task9_init0_adaptive_confirm,libero_goal_with_mug,9,0,761843,max_value_replay,True,True,0,action_l1
goal_mug_task9_init0_adaptive_confirm,libero_goal_with_mug,9,0,761940,max_value_replay,True,True,0,action_l1
goal_mug_task9_init0_adaptive_confirm,libero_goal_with_mug,9,0,762037,max_value_replay,True,True,0,action_l1
goal_mug_task9_init0_adaptive_confirm,libero_goal_with_mug,9,0,762134,max_value_replay,True,True,0,action_l1
goal_mug_task9_init0_adaptive_confirm,libero_goal_with_mug,9,0,762231,max_value_replay,False,True,1,action_l1
goal_mug_task9_init0_adaptive_confirm,libero_goal_with_mug,9,0,762328,max_value_replay,True,True,0,action_l1
goal_mug_task9_init0_adaptive_confirm,libero_goal_with_mug,9,0,762425,max_value_replay,True,True,0,action_l1
goal_mug_task9_init0_adaptive_confirm,libero_goal_with_mug,9,0,762522,max_value_replay,True,True,0,action_l1
goal_mug_task9_init0_adaptive_confirm,libero_goal_with_mug,9,0,762619,max_value_replay,True,True,0,action_l1
goal_mug_task9_init0_adaptive_confirm,libero_goal_with_mug,9,0,762716,max_value_replay,True,True,0,action_l1
goal_mug_task9_init0_adaptive_confirm,libero_goal_with_mug,9,0,762813,max_value_replay,True,True,0,action_l1
goal_mug_task9_init0_adaptive_confirm,libero_goal_with_mug,9,0,760000,phase_l1_r0.3,False,True,1,action_l1
goal_mug_task9_init0_adaptive_confirm,libero_goal_with_mug,9,0,760097,phase_l1_r0.3,True,True,0,action_l1
goal_mug_task9_init0_adaptive_confirm,libero_goal_with_mug,9,0,760194,phase_l1_r0.3,True,True,0,action_l1
goal_mug_task9_init0_adaptive_confirm,libero_goal_with_mug,9,0,760291,phase_l1_r0.3,True,True,0,action_l1
goal_mug_task9_init0_adaptive_confirm,libero_goal_with_mug,9,0,760388,phase_l1_r0.3,False,False,0,action_l1
goal_mug_task9_init0_adaptive_confirm,libero_goal_with_mug,9,0,760485,phase_l1_r0.3,True,True,0,action_l1
goal_mug_task9_init0_adaptive_confirm,libero_goal_with_mug,9,0,760582,phase_l1_r0.3,True,True,0,action_l1
goal_mug_task9_init0_adaptive_confirm,libero_goal_with_mug,9,0,760679,phase_l1_r0.3,True,True,0,action_l1
goal_mug_task9_init0_adaptive_confirm,libero_goal_with_mug,9,0,760776,phase_l1_r0.3,True,True,0,action_l1
goal_mug_task9_init0_adaptive_confirm,libero_goal_with_mug,9,0,760873,phase_l1_r0.3,True,True,0,action_l1
goal_mug_task9_init0_adaptive_confirm,libero_goal_with_mug,9,0,760970,phase_l1_r0.3,True,True,0,action_l1
goal_mug_task9_init0_adaptive_confirm,libero_goal_with_mug,9,0,761067,phase_l1_r0.3,True,True,0,action_l1
goal_mug_task9_init0_adaptive_confirm,libero_goal_with_mug,9,0,761164,phase_l1_r0.3,True,True,0,action_l1
goal_mug_task9_init0_adaptive_confirm,libero_goal_with_mug,9,0,761261,phase_l1_r0.3,True,True,0,action_l1
goal_mug_task9_init0_adaptive_confirm,libero_goal_with_mug,9,0,761358,phase_l1_r0.3,True,True,0,action_l1
goal_mug_task9_init0_adaptive_confirm,libero_goal_with_mug,9,0,761455,phase_l1_r0.3,True,True,0,action_l1
goal_mug_task9_init0_adaptive_confirm,libero_goal_with_mug,9,0,761552,phase_l1_r0.3,True,True,0,action_l1
goal_mug_task9_init0_adaptive_confirm,libero_goal_with_mug,9,0,761649,phase_l1_r0.3,True,True,0,action_l1
goal_mug_task9_init0_adaptive_confirm,libero_goal_with_mug,9,0,761746,phase_l1_r0.3,True,True,0,action_l1
goal_mug_task9_init0_adaptive_confirm,libero_goal_with_mug,9,0,761843,phase_l1_r0.3,True,True,0,action_l1
goal_mug_task9_init0_adaptive_confirm,libero_goal_with_mug,9,0,761940,phase_l1_r0.3,True,True,0,action_l1
goal_mug_task9_init0_adaptive_confirm,libero_goal_with_mug,9,0,762037,phase_l1_r0.3,True,True,0,action_l1
goal_mug_task9_init0_adaptive_confirm,libero_goal_with_mug,9,0,762134,phase_l1_r0.3,True,True,0,action_l1
goal_mug_task9_init0_adaptive_confirm,libero_goal_with_mug,9,0,762231,phase_l1_r0.3,False,True,1,action_l1
goal_mug_task9_init0_adaptive_confirm,libero_goal_with_mug,9,0,762328,phase_l1_r0.3,True,True,0,action_l1
goal_mug_task9_init0_adaptive_confirm,libero_goal_with_mug,9,0,762425,phase_l1_r0.3,True,True,0,action_l1
goal_mug_task9_init0_adaptive_confirm,libero_goal_with_mug,9,0,762522,phase_l1_r0.3,True,True,0,action_l1
goal_mug_task9_init0_adaptive_confirm,libero_goal_with_mug,9,0,762619,phase_l1_r0.3,True,True,0,action_l1
goal_mug_task9_init0_adaptive_confirm,libero_goal_with_mug,9,0,762716,phase_l1_r0.3,True,True,0,action_l1
goal_mug_task9_init0_adaptive_confirm,libero_goal_with_mug,9,0,762813,phase_l1_r0.3,True,True,0,action_l1
goal_mug_task9_init0_adaptive_confirm,libero_goal_with_mug,9,0,760000,requery_l1_h8,False,True,1,action_l1
goal_mug_task9_init0_adaptive_confirm,libero_goal_with_mug,9,0,760097,requery_l1_h8,True,True,0,action_l1
goal_mug_task9_init0_adaptive_confirm,libero_goal_with_mug,9,0,760194,requery_l1_h8,True,True,0,action_l1
goal_mug_task9_init0_adaptive_confirm,libero_goal_with_mug,9,0,760291,requery_l1_h8,True,True,0,action_l1
goal_mug_task9_init0_adaptive_confirm,libero_goal_with_mug,9,0,760388,requery_l1_h8,False,True,1,action_l1
goal_mug_task9_init0_adaptive_confirm,libero_goal_with_mug,9,0,760485,requery_l1_h8,True,False,-1,action_l1
goal_mug_task9_init0_adaptive_confirm,libero_goal_with_mug,9,0,760582,requery_l1_h8,True,True,0,action_l1
goal_mug_task9_init0_adaptive_confirm,libero_goal_with_mug,9,0,760679,requery_l1_h8,True,True,0,action_l1
goal_mug_task9_init0_adaptive_confirm,libero_goal_with_mug,9,0,760776,requery_l1_h8,True,True,0,action_l1
goal_mug_task9_init0_adaptive_confirm,libero_goal_with_mug,9,0,760873,requery_l1_h8,True,True,0,action_l1
goal_mug_task9_init0_adaptive_confirm,libero_goal_with_mug,9,0,760970,requery_l1_h8,True,False,-1,action_l1
goal_mug_task9_init0_adaptive_confirm,libero_goal_with_mug,9,0,761067,requery_l1_h8,True,True,0,action_l1
goal_mug_task9_init0_adaptive_confirm,libero_goal_with_mug,9,0,761164,requery_l1_h8,True,True,0,action_l1
goal_mug_task9_init0_adaptive_confirm,libero_goal_with_mug,9,0,761261,requery_l1_h8,True,True,0,action_l1
goal_mug_task9_init0_adaptive_confirm,libero_goal_with_mug,9,0,761358,requery_l1_h8,True,True,0,action_l1
goal_mug_task9_init0_adaptive_confirm,libero_goal_with_mug,9,0,761455,requery_l1_h8,True,False,-1,action_l1
goal_mug_task9_init0_adaptive_confirm,libero_goal_with_mug,9,0,761552,requery_l1_h8,True,True,0,action_l1
goal_mug_task9_init0_adaptive_confirm,libero_goal_with_mug,9,0,761649,requery_l1_h8,True,True,0,action_l1
goal_mug_task9_init0_adaptive_confirm,libero_goal_with_mug,9,0,761746,requery_l1_h8,True,True,0,action_l1
goal_mug_task9_init0_adaptive_confirm,libero_goal_with_mug,9,0,761843,requery_l1_h8,True,True,0,action_l1
goal_mug_task9_init0_adaptive_confirm,libero_goal_with_mug,9,0,761940,requery_l1_h8,True,True,0,action_l1
goal_mug_task9_init0_adaptive_confirm,libero_goal_with_mug,9,0,762037,requery_l1_h8,True,True,0,action_l1
goal_mug_task9_init0_adaptive_confirm,libero_goal_with_mug,9,0,762134,requery_l1_h8,True,True,0,action_l1
goal_mug_task9_init0_adaptive_confirm,libero_goal_with_mug,9,0,762231,requery_l1_h8,False,True,1,action_l1
goal_mug_task9_init0_adaptive_confirm,libero_goal_with_mug,9,0,762328,requery_l1_h8,True,True,0,action_l1
goal_mug_task9_init0_adaptive_confirm,libero_goal_with_mug,9,0,762425,requery_l1_h8,True,True,0,action_l1
goal_mug_task9_init0_adaptive_confirm,libero_goal_with_mug,9,0,762522,requery_l1_h8,True,True,0,action_l1
goal_mug_task9_init0_adaptive_confirm,libero_goal_with_mug,9,0,762619,requery_l1_h8,True,True,0,action_l1
goal_mug_task9_init0_adaptive_confirm,libero_goal_with_mug,9,0,762716,requery_l1_h8,True,True,0,action_l1
goal_mug_task9_init0_adaptive_confirm,libero_goal_with_mug,9,0,762813,requery_l1_h8,True,True,0,action_l1
long_milk_task9_init0_adaptive_confirm,libero_10_with_milk,9,0,750000,action_l1_replay,True,True,0,action_l1
long_milk_task9_init0_adaptive_confirm,libero_10_with_milk,9,0,750097,action_l1_replay,True,True,0,action_l1
long_milk_task9_init0_adaptive_confirm,libero_10_with_milk,9,0,750194,action_l1_replay,True,True,0,action_l1
long_milk_task9_init0_adaptive_confirm,libero_10_with_milk,9,0,750291,action_l1_replay,True,True,0,action_l1
long_milk_task9_init0_adaptive_confirm,libero_10_with_milk,9,0,750388,action_l1_replay,False,False,0,action_l1
long_milk_task9_init0_adaptive_confirm,libero_10_with_milk,9,0,750485,action_l1_replay,True,True,0,action_l1
long_milk_task9_init0_adaptive_confirm,libero_10_with_milk,9,0,750582,action_l1_replay,False,False,0,action_l1
long_milk_task9_init0_adaptive_confirm,libero_10_with_milk,9,0,750679,action_l1_replay,False,False,0,action_l1
long_milk_task9_init0_adaptive_confirm,libero_10_with_milk,9,0,750776,action_l1_replay,True,True,0,action_l1
long_milk_task9_init0_adaptive_confirm,libero_10_with_milk,9,0,750873,action_l1_replay,True,True,0,action_l1
long_milk_task9_init0_adaptive_confirm,libero_10_with_milk,9,0,750970,action_l1_replay,False,False,0,action_l1
long_milk_task9_init0_adaptive_confirm,libero_10_with_milk,9,0,751067,action_l1_replay,False,False,0,action_l1
long_milk_task9_init0_adaptive_confirm,libero_10_with_milk,9,0,751164,action_l1_replay,True,True,0,action_l1
long_milk_task9_init0_adaptive_confirm,libero_10_with_milk,9,0,751261,action_l1_replay,True,True,0,action_l1
long_milk_task9_init0_adaptive_confirm,libero_10_with_milk,9,0,751358,action_l1_replay,True,True,0,action_l1
long_milk_task9_init0_adaptive_confirm,libero_10_with_milk,9,0,751455,action_l1_replay,True,True,0,action_l1
long_milk_task9_init0_adaptive_confirm,libero_10_with_milk,9,0,751552,action_l1_replay,True,True,0,action_l1
long_milk_task9_init0_adaptive_confirm,libero_10_with_milk,9,0,751649,action_l1_replay,True,True,0,action_l1
long_milk_task9_init0_adaptive_confirm,libero_10_with_milk,9,0,751746,action_l1_replay,True,True,0,action_l1
long_milk_task9_init0_adaptive_confirm,libero_10_with_milk,9,0,751843,action_l1_replay,False,False,0,action_l1
long_milk_task9_init0_adaptive_confirm,libero_10_with_milk,9,0,751940,action_l1_replay,True,True,0,action_l1
long_milk_task9_init0_adaptive_confirm,libero_10_with_milk,9,0,752037,action_l1_replay,True,True,0,action_l1
long_milk_task9_init0_adaptive_confirm,libero_10_with_milk,9,0,752134,action_l1_replay,True,True,0,action_l1
long_milk_task9_init0_adaptive_confirm,libero_10_with_milk,9,0,752231,action_l1_replay,True,True,0,action_l1
long_milk_task9_init0_adaptive_confirm,libero_10_with_milk,9,0,752328,action_l1_replay,True,True,0,action_l1
long_milk_task9_init0_adaptive_confirm,libero_10_with_milk,9,0,752425,action_l1_replay,True,True,0,action_l1
long_milk_task9_init0_adaptive_confirm,libero_10_with_milk,9,0,752522,action_l1_replay,True,True,0,action_l1
long_milk_task9_init0_adaptive_confirm,libero_10_with_milk,9,0,752619,action_l1_replay,True,True,0,action_l1
long_milk_task9_init0_adaptive_confirm,libero_10_with_milk,9,0,752716,action_l1_replay,False,False,0,action_l1
long_milk_task9_init0_adaptive_confirm,libero_10_with_milk,9,0,752813,action_l1_replay,True,True,0,action_l1
long_milk_task9_init0_adaptive_confirm,libero_10_with_milk,9,0,750000,max_value,True,False,-1,action_l1
long_milk_task9_init0_adaptive_confirm,libero_10_with_milk,9,0,750097,max_value,True,False,-1,action_l1
long_milk_task9_init0_adaptive_confirm,libero_10_with_milk,9,0,750194,max_value,True,True,0,action_l1
long_milk_task9_init0_adaptive_confirm,libero_10_with_milk,9,0,750291,max_value,True,True,0,action_l1
long_milk_task9_init0_adaptive_confirm,libero_10_with_milk,9,0,750388,max_value,False,False,0,action_l1
long_milk_task9_init0_adaptive_confirm,libero_10_with_milk,9,0,750485,max_value,True,False,-1,action_l1
long_milk_task9_init0_adaptive_confirm,libero_10_with_milk,9,0,750582,max_value,False,True,1,action_l1
long_milk_task9_init0_adaptive_confirm,libero_10_with_milk,9,0,750679,max_value,False,True,1,action_l1
long_milk_task9_init0_adaptive_confirm,libero_10_with_milk,9,0,750776,max_value,True,False,-1,action_l1
long_milk_task9_init0_adaptive_confirm,libero_10_with_milk,9,0,750873,max_value,True,True,0,action_l1
long_milk_task9_init0_adaptive_confirm,libero_10_with_milk,9,0,750970,max_value,False,True,1,action_l1
long_milk_task9_init0_adaptive_confirm,libero_10_with_milk,9,0,751067,max_value,False,True,1,action_l1
long_milk_task9_init0_adaptive_confirm,libero_10_with_milk,9,0,751164,max_value,True,True,0,action_l1
long_milk_task9_init0_adaptive_confirm,libero_10_with_milk,9,0,751261,max_value,True,True,0,action_l1
long_milk_task9_init0_adaptive_confirm,libero_10_with_milk,9,0,751358,max_value,True,True,0,action_l1
long_milk_task9_init0_adaptive_confirm,libero_10_with_milk,9,0,751455,max_value,True,True,0,action_l1
long_milk_task9_init0_adaptive_confirm,libero_10_with_milk,9,0,751552,max_value,True,True,0,action_l1
long_milk_task9_init0_adaptive_confirm,libero_10_with_milk,9,0,751649,max_value,True,True,0,action_l1
long_milk_task9_init0_adaptive_confirm,libero_10_with_milk,9,0,751746,max_value,True,False,-1,action_l1
long_milk_task9_init0_adaptive_confirm,libero_10_with_milk,9,0,751843,max_value,False,True,1,action_l1
long_milk_task9_init0_adaptive_confirm,libero_10_with_milk,9,0,751940,max_value,True,True,0,action_l1
long_milk_task9_init0_adaptive_confirm,libero_10_with_milk,9,0,752037,max_value,True,True,0,action_l1
long_milk_task9_init0_adaptive_confirm,libero_10_with_milk,9,0,752134,max_value,True,True,0,action_l1
long_milk_task9_init0_adaptive_confirm,libero_10_with_milk,9,0,752231,max_value,True,True,0,action_l1
long_milk_task9_init0_adaptive_confirm,libero_10_with_milk,9,0,752328,max_value,True,False,-1,action_l1
long_milk_task9_init0_adaptive_confirm,libero_10_with_milk,9,0,752425,max_value,True,False,-1,action_l1
long_milk_task9_init0_adaptive_confirm,libero_10_with_milk,9,0,752522,max_value,True,True,0,action_l1
long_milk_task9_init0_adaptive_confirm,libero_10_with_milk,9,0,752619,max_value,True,True,0,action_l1
long_milk_task9_init0_adaptive_confirm,libero_10_with_milk,9,0,752716,max_value,False,True,1,action_l1
long_milk_task9_init0_adaptive_confirm,libero_10_with_milk,9,0,752813,max_value,True,False,-1,action_l1
long_milk_task9_init0_adaptive_confirm,libero_10_with_milk,9,0,750000,max_value_replay,True,False,-1,action_l1
long_milk_task9_init0_adaptive_confirm,libero_10_with_milk,9,0,750097,max_value_replay,True,False,-1,action_l1
long_milk_task9_init0_adaptive_confirm,libero_10_with_milk,9,0,750194,max_value_replay,True,True,0,action_l1
long_milk_task9_init0_adaptive_confirm,libero_10_with_milk,9,0,750291,max_value_replay,True,True,0,action_l1
long_milk_task9_init0_adaptive_confirm,libero_10_with_milk,9,0,750388,max_value_replay,False,False,0,action_l1
long_milk_task9_init0_adaptive_confirm,libero_10_with_milk,9,0,750485,max_value_replay,True,False,-1,action_l1
long_milk_task9_init0_adaptive_confirm,libero_10_with_milk,9,0,750582,max_value_replay,False,True,1,action_l1
long_milk_task9_init0_adaptive_confirm,libero_10_with_milk,9,0,750679,max_value_replay,False,True,1,action_l1
long_milk_task9_init0_adaptive_confirm,libero_10_with_milk,9,0,750776,max_value_replay,True,False,-1,action_l1
long_milk_task9_init0_adaptive_confirm,libero_10_with_milk,9,0,750873,max_value_replay,True,True,0,action_l1
long_milk_task9_init0_adaptive_confirm,libero_10_with_milk,9,0,750970,max_value_replay,False,True,1,action_l1
long_milk_task9_init0_adaptive_confirm,libero_10_with_milk,9,0,751067,max_value_replay,False,True,1,action_l1
long_milk_task9_init0_adaptive_confirm,libero_10_with_milk,9,0,751164,max_value_replay,True,True,0,action_l1
long_milk_task9_init0_adaptive_confirm,libero_10_with_milk,9,0,751261,max_value_replay,True,True,0,action_l1
long_milk_task9_init0_adaptive_confirm,libero_10_with_milk,9,0,751358,max_value_replay,True,True,0,action_l1
long_milk_task9_init0_adaptive_confirm,libero_10_with_milk,9,0,751455,max_value_replay,True,True,0,action_l1
long_milk_task9_init0_adaptive_confirm,libero_10_with_milk,9,0,751552,max_value_replay,True,True,0,action_l1
long_milk_task9_init0_adaptive_confirm,libero_10_with_milk,9,0,751649,max_value_replay,True,True,0,action_l1
long_milk_task9_init0_adaptive_confirm,libero_10_with_milk,9,0,751746,max_value_replay,True,False,-1,action_l1
long_milk_task9_init0_adaptive_confirm,libero_10_with_milk,9,0,751843,max_value_replay,False,True,1,action_l1
long_milk_task9_init0_adaptive_confirm,libero_10_with_milk,9,0,751940,max_value_replay,True,True,0,action_l1
long_milk_task9_init0_adaptive_confirm,libero_10_with_milk,9,0,752037,max_value_replay,True,True,0,action_l1
long_milk_task9_init0_adaptive_confirm,libero_10_with_milk,9,0,752134,max_value_replay,True,True,0,action_l1
long_milk_task9_init0_adaptive_confirm,libero_10_with_milk,9,0,752231,max_value_replay,True,True,0,action_l1
long_milk_task9_init0_adaptive_confirm,libero_10_with_milk,9,0,752328,max_value_replay,True,False,-1,action_l1
long_milk_task9_init0_adaptive_confirm,libero_10_with_milk,9,0,752425,max_value_replay,True,False,-1,action_l1
long_milk_task9_init0_adaptive_confirm,libero_10_with_milk,9,0,752522,max_value_replay,True,True,0,action_l1
long_milk_task9_init0_adaptive_confirm,libero_10_with_milk,9,0,752619,max_value_replay,True,True,0,action_l1
long_milk_task9_init0_adaptive_confirm,libero_10_with_milk,9,0,752716,max_value_replay,False,True,1,action_l1
long_milk_task9_init0_adaptive_confirm,libero_10_with_milk,9,0,752813,max_value_replay,True,False,-1,action_l1
long_milk_task9_init0_adaptive_confirm,libero_10_with_milk,9,0,750000,phase_l1_r0.3,True,True,0,action_l1
long_milk_task9_init0_adaptive_confirm,libero_10_with_milk,9,0,750097,phase_l1_r0.3,True,True,0,action_l1
long_milk_task9_init0_adaptive_confirm,libero_10_with_milk,9,0,750194,phase_l1_r0.3,True,True,0,action_l1
long_milk_task9_init0_adaptive_confirm,libero_10_with_milk,9,0,750291,phase_l1_r0.3,True,True,0,action_l1
long_milk_task9_init0_adaptive_confirm,libero_10_with_milk,9,0,750388,phase_l1_r0.3,False,False,0,action_l1
long_milk_task9_init0_adaptive_confirm,libero_10_with_milk,9,0,750485,phase_l1_r0.3,True,True,0,action_l1
long_milk_task9_init0_adaptive_confirm,libero_10_with_milk,9,0,750582,phase_l1_r0.3,False,False,0,action_l1
long_milk_task9_init0_adaptive_confirm,libero_10_with_milk,9,0,750679,phase_l1_r0.3,False,False,0,action_l1
long_milk_task9_init0_adaptive_confirm,libero_10_with_milk,9,0,750776,phase_l1_r0.3,True,True,0,action_l1
long_milk_task9_init0_adaptive_confirm,libero_10_with_milk,9,0,750873,phase_l1_r0.3,True,True,0,action_l1
long_milk_task9_init0_adaptive_confirm,libero_10_with_milk,9,0,750970,phase_l1_r0.3,False,False,0,action_l1
long_milk_task9_init0_adaptive_confirm,libero_10_with_milk,9,0,751067,phase_l1_r0.3,False,False,0,action_l1
long_milk_task9_init0_adaptive_confirm,libero_10_with_milk,9,0,751164,phase_l1_r0.3,True,True,0,action_l1
long_milk_task9_init0_adaptive_confirm,libero_10_with_milk,9,0,751261,phase_l1_r0.3,True,True,0,action_l1
long_milk_task9_init0_adaptive_confirm,libero_10_with_milk,9,0,751358,phase_l1_r0.3,True,True,0,action_l1
long_milk_task9_init0_adaptive_confirm,libero_10_with_milk,9,0,751455,phase_l1_r0.3,True,True,0,action_l1
long_milk_task9_init0_adaptive_confirm,libero_10_with_milk,9,0,751552,phase_l1_r0.3,True,True,0,action_l1
long_milk_task9_init0_adaptive_confirm,libero_10_with_milk,9,0,751649,phase_l1_r0.3,True,True,0,action_l1
long_milk_task9_init0_adaptive_confirm,libero_10_with_milk,9,0,751746,phase_l1_r0.3,True,True,0,action_l1
long_milk_task9_init0_adaptive_confirm,libero_10_with_milk,9,0,751843,phase_l1_r0.3,False,False,0,action_l1
long_milk_task9_init0_adaptive_confirm,libero_10_with_milk,9,0,751940,phase_l1_r0.3,True,True,0,action_l1
long_milk_task9_init0_adaptive_confirm,libero_10_with_milk,9,0,752037,phase_l1_r0.3,True,True,0,action_l1
long_milk_task9_init0_adaptive_confirm,libero_10_with_milk,9,0,752134,phase_l1_r0.3,True,True,0,action_l1
long_milk_task9_init0_adaptive_confirm,libero_10_with_milk,9,0,752231,phase_l1_r0.3,True,True,0,action_l1
long_milk_task9_init0_adaptive_confirm,libero_10_with_milk,9,0,752328,phase_l1_r0.3,True,True,0,action_l1
long_milk_task9_init0_adaptive_confirm,libero_10_with_milk,9,0,752425,phase_l1_r0.3,True,True,0,action_l1
long_milk_task9_init0_adaptive_confirm,libero_10_with_milk,9,0,752522,phase_l1_r0.3,True,True,0,action_l1
long_milk_task9_init0_adaptive_confirm,libero_10_with_milk,9,0,752619,phase_l1_r0.3,True,True,0,action_l1
long_milk_task9_init0_adaptive_confirm,libero_10_with_milk,9,0,752716,phase_l1_r0.3,False,False,0,action_l1
long_milk_task9_init0_adaptive_confirm,libero_10_with_milk,9,0,752813,phase_l1_r0.3,True,True,0,action_l1
long_milk_task9_init0_adaptive_confirm,libero_10_with_milk,9,0,750000,requery_l1_h8,True,True,0,action_l1
long_milk_task9_init0_adaptive_confirm,libero_10_with_milk,9,0,750097,requery_l1_h8,True,True,0,action_l1
long_milk_task9_init0_adaptive_confirm,libero_10_with_milk,9,0,750194,requery_l1_h8,True,True,0,action_l1
long_milk_task9_init0_adaptive_confirm,libero_10_with_milk,9,0,750291,requery_l1_h8,True,True,0,action_l1
long_milk_task9_init0_adaptive_confirm,libero_10_with_milk,9,0,750388,requery_l1_h8,False,True,1,action_l1
long_milk_task9_init0_adaptive_confirm,libero_10_with_milk,9,0,750485,requery_l1_h8,True,True,0,action_l1
long_milk_task9_init0_adaptive_confirm,libero_10_with_milk,9,0,750582,requery_l1_h8,False,True,1,action_l1
long_milk_task9_init0_adaptive_confirm,libero_10_with_milk,9,0,750679,requery_l1_h8,False,False,0,action_l1
long_milk_task9_init0_adaptive_confirm,libero_10_with_milk,9,0,750776,requery_l1_h8,True,False,-1,action_l1
long_milk_task9_init0_adaptive_confirm,libero_10_with_milk,9,0,750873,requery_l1_h8,True,True,0,action_l1
long_milk_task9_init0_adaptive_confirm,libero_10_with_milk,9,0,750970,requery_l1_h8,False,True,1,action_l1
long_milk_task9_init0_adaptive_confirm,libero_10_with_milk,9,0,751067,requery_l1_h8,False,True,1,action_l1
long_milk_task9_init0_adaptive_confirm,libero_10_with_milk,9,0,751164,requery_l1_h8,True,True,0,action_l1
long_milk_task9_init0_adaptive_confirm,libero_10_with_milk,9,0,751261,requery_l1_h8,True,True,0,action_l1
long_milk_task9_init0_adaptive_confirm,libero_10_with_milk,9,0,751358,requery_l1_h8,True,True,0,action_l1
long_milk_task9_init0_adaptive_confirm,libero_10_with_milk,9,0,751455,requery_l1_h8,True,True,0,action_l1
long_milk_task9_init0_adaptive_confirm,libero_10_with_milk,9,0,751552,requery_l1_h8,True,True,0,action_l1
long_milk_task9_init0_adaptive_confirm,libero_10_with_milk,9,0,751649,requery_l1_h8,True,True,0,action_l1
long_milk_task9_init0_adaptive_confirm,libero_10_with_milk,9,0,751746,requery_l1_h8,True,True,0,action_l1
long_milk_task9_init0_adaptive_confirm,libero_10_with_milk,9,0,751843,requery_l1_h8,False,True,1,action_l1
long_milk_task9_init0_adaptive_confirm,libero_10_with_milk,9,0,751940,requery_l1_h8,True,True,0,action_l1
long_milk_task9_init0_adaptive_confirm,libero_10_with_milk,9,0,752037,requery_l1_h8,True,False,-1,action_l1
long_milk_task9_init0_adaptive_confirm,libero_10_with_milk,9,0,752134,requery_l1_h8,True,True,0,action_l1
long_milk_task9_init0_adaptive_confirm,libero_10_with_milk,9,0,752231,requery_l1_h8,True,True,0,action_l1
long_milk_task9_init0_adaptive_confirm,libero_10_with_milk,9,0,752328,requery_l1_h8,True,True,0,action_l1
long_milk_task9_init0_adaptive_confirm,libero_10_with_milk,9,0,752425,requery_l1_h8,True,True,0,action_l1
long_milk_task9_init0_adaptive_confirm,libero_10_with_milk,9,0,752522,requery_l1_h8,True,True,0,action_l1
long_milk_task9_init0_adaptive_confirm,libero_10_with_milk,9,0,752619,requery_l1_h8,True,True,0,action_l1
long_milk_task9_init0_adaptive_confirm,libero_10_with_milk,9,0,752716,requery_l1_h8,False,True,1,action_l1
long_milk_task9_init0_adaptive_confirm,libero_10_with_milk,9,0,752813,requery_l1_h8,True,True,0,action_l1
long_mug_task4_init0_adaptive_confirm,libero_10_with_mug,4,0,730000,action_l1_replay,True,True,0,action_l1
long_mug_task4_init0_adaptive_confirm,libero_10_with_mug,4,0,730097,action_l1_replay,True,True,0,action_l1
long_mug_task4_init0_adaptive_confirm,libero_10_with_mug,4,0,730194,action_l1_replay,True,True,0,action_l1
long_mug_task4_init0_adaptive_confirm,libero_10_with_mug,4,0,730291,action_l1_replay,True,True,0,action_l1
long_mug_task4_init0_adaptive_confirm,libero_10_with_mug,4,0,730388,action_l1_replay,True,True,0,action_l1
long_mug_task4_init0_adaptive_confirm,libero_10_with_mug,4,0,730485,action_l1_replay,True,True,0,action_l1
long_mug_task4_init0_adaptive_confirm,libero_10_with_mug,4,0,730582,action_l1_replay,True,True,0,action_l1
long_mug_task4_init0_adaptive_confirm,libero_10_with_mug,4,0,730679,action_l1_replay,True,True,0,action_l1
long_mug_task4_init0_adaptive_confirm,libero_10_with_mug,4,0,730776,action_l1_replay,True,True,0,action_l1
long_mug_task4_init0_adaptive_confirm,libero_10_with_mug,4,0,730873,action_l1_replay,True,False,-1,action_l1
long_mug_task4_init0_adaptive_confirm,libero_10_with_mug,4,0,730970,action_l1_replay,True,True,0,action_l1
long_mug_task4_init0_adaptive_confirm,libero_10_with_mug,4,0,731067,action_l1_replay,False,True,1,action_l1
long_mug_task4_init0_adaptive_confirm,libero_10_with_mug,4,0,731164,action_l1_replay,False,True,1,action_l1
long_mug_task4_init0_adaptive_confirm,libero_10_with_mug,4,0,731261,action_l1_replay,True,True,0,action_l1
long_mug_task4_init0_adaptive_confirm,libero_10_with_mug,4,0,731358,action_l1_replay,True,True,0,action_l1
long_mug_task4_init0_adaptive_confirm,libero_10_with_mug,4,0,731455,action_l1_replay,False,True,1,action_l1
long_mug_task4_init0_adaptive_confirm,libero_10_with_mug,4,0,731552,action_l1_replay,False,False,0,action_l1
long_mug_task4_init0_adaptive_confirm,libero_10_with_mug,4,0,731649,action_l1_replay,True,True,0,action_l1
long_mug_task4_init0_adaptive_confirm,libero_10_with_mug,4,0,731746,action_l1_replay,True,True,0,action_l1
long_mug_task4_init0_adaptive_confirm,libero_10_with_mug,4,0,731843,action_l1_replay,False,True,1,action_l1
long_mug_task4_init0_adaptive_confirm,libero_10_with_mug,4,0,731940,action_l1_replay,True,True,0,action_l1
long_mug_task4_init0_adaptive_confirm,libero_10_with_mug,4,0,732037,action_l1_replay,True,True,0,action_l1
long_mug_task4_init0_adaptive_confirm,libero_10_with_mug,4,0,732134,action_l1_replay,True,True,0,action_l1
long_mug_task4_init0_adaptive_confirm,libero_10_with_mug,4,0,732231,action_l1_replay,True,True,0,action_l1
long_mug_task4_init0_adaptive_confirm,libero_10_with_mug,4,0,732328,action_l1_replay,True,False,-1,action_l1
long_mug_task4_init0_adaptive_confirm,libero_10_with_mug,4,0,732425,action_l1_replay,True,True,0,action_l1
long_mug_task4_init0_adaptive_confirm,libero_10_with_mug,4,0,732522,action_l1_replay,True,True,0,action_l1
long_mug_task4_init0_adaptive_confirm,libero_10_with_mug,4,0,732619,action_l1_replay,False,True,1,action_l1
long_mug_task4_init0_adaptive_confirm,libero_10_with_mug,4,0,732716,action_l1_replay,True,False,-1,action_l1
long_mug_task4_init0_adaptive_confirm,libero_10_with_mug,4,0,732813,action_l1_replay,True,True,0,action_l1
long_mug_task4_init0_adaptive_confirm,libero_10_with_mug,4,0,730000,max_value,True,False,-1,action_l1
long_mug_task4_init0_adaptive_confirm,libero_10_with_mug,4,0,730097,max_value,True,True,0,action_l1
long_mug_task4_init0_adaptive_confirm,libero_10_with_mug,4,0,730194,max_value,True,True,0,action_l1
long_mug_task4_init0_adaptive_confirm,libero_10_with_mug,4,0,730291,max_value,True,True,0,action_l1
long_mug_task4_init0_adaptive_confirm,libero_10_with_mug,4,0,730388,max_value,True,True,0,action_l1
long_mug_task4_init0_adaptive_confirm,libero_10_with_mug,4,0,730485,max_value,True,True,0,action_l1
long_mug_task4_init0_adaptive_confirm,libero_10_with_mug,4,0,730582,max_value,True,True,0,action_l1
long_mug_task4_init0_adaptive_confirm,libero_10_with_mug,4,0,730679,max_value,True,True,0,action_l1
long_mug_task4_init0_adaptive_confirm,libero_10_with_mug,4,0,730776,max_value,True,False,-1,action_l1
long_mug_task4_init0_adaptive_confirm,libero_10_with_mug,4,0,730873,max_value,True,True,0,action_l1
long_mug_task4_init0_adaptive_confirm,libero_10_with_mug,4,0,730970,max_value,True,True,0,action_l1
long_mug_task4_init0_adaptive_confirm,libero_10_with_mug,4,0,731067,max_value,False,True,1,action_l1
long_mug_task4_init0_adaptive_confirm,libero_10_with_mug,4,0,731164,max_value,False,True,1,action_l1
long_mug_task4_init0_adaptive_confirm,libero_10_with_mug,4,0,731261,max_value,True,True,0,action_l1
long_mug_task4_init0_adaptive_confirm,libero_10_with_mug,4,0,731358,max_value,True,True,0,action_l1
long_mug_task4_init0_adaptive_confirm,libero_10_with_mug,4,0,731455,max_value,False,False,0,action_l1
long_mug_task4_init0_adaptive_confirm,libero_10_with_mug,4,0,731552,max_value,False,False,0,action_l1
long_mug_task4_init0_adaptive_confirm,libero_10_with_mug,4,0,731649,max_value,True,True,0,action_l1
long_mug_task4_init0_adaptive_confirm,libero_10_with_mug,4,0,731746,max_value,True,True,0,action_l1
long_mug_task4_init0_adaptive_confirm,libero_10_with_mug,4,0,731843,max_value,False,True,1,action_l1
long_mug_task4_init0_adaptive_confirm,libero_10_with_mug,4,0,731940,max_value,True,True,0,action_l1
long_mug_task4_init0_adaptive_confirm,libero_10_with_mug,4,0,732037,max_value,True,False,-1,action_l1
long_mug_task4_init0_adaptive_confirm,libero_10_with_mug,4,0,732134,max_value,True,True,0,action_l1
long_mug_task4_init0_adaptive_confirm,libero_10_with_mug,4,0,732231,max_value,True,True,0,action_l1
long_mug_task4_init0_adaptive_confirm,libero_10_with_mug,4,0,732328,max_value,True,True,0,action_l1
long_mug_task4_init0_adaptive_confirm,libero_10_with_mug,4,0,732425,max_value,True,False,-1,action_l1
long_mug_task4_init0_adaptive_confirm,libero_10_with_mug,4,0,732522,max_value,True,True,0,action_l1
long_mug_task4_init0_adaptive_confirm,libero_10_with_mug,4,0,732619,max_value,False,False,0,action_l1
long_mug_task4_init0_adaptive_confirm,libero_10_with_mug,4,0,732716,max_value,True,True,0,action_l1
long_mug_task4_init0_adaptive_confirm,libero_10_with_mug,4,0,732813,max_value,True,True,0,action_l1
long_mug_task4_init0_adaptive_confirm,libero_10_with_mug,4,0,730000,max_value_replay,True,False,-1,action_l1
long_mug_task4_init0_adaptive_confirm,libero_10_with_mug,4,0,730097,max_value_replay,True,True,0,action_l1
long_mug_task4_init0_adaptive_confirm,libero_10_with_mug,4,0,730194,max_value_replay,True,True,0,action_l1
long_mug_task4_init0_adaptive_confirm,libero_10_with_mug,4,0,730291,max_value_replay,True,True,0,action_l1
long_mug_task4_init0_adaptive_confirm,libero_10_with_mug,4,0,730388,max_value_replay,True,True,0,action_l1
long_mug_task4_init0_adaptive_confirm,libero_10_with_mug,4,0,730485,max_value_replay,True,True,0,action_l1
long_mug_task4_init0_adaptive_confirm,libero_10_with_mug,4,0,730582,max_value_replay,True,True,0,action_l1
long_mug_task4_init0_adaptive_confirm,libero_10_with_mug,4,0,730679,max_value_replay,True,True,0,action_l1
long_mug_task4_init0_adaptive_confirm,libero_10_with_mug,4,0,730776,max_value_replay,True,False,-1,action_l1
long_mug_task4_init0_adaptive_confirm,libero_10_with_mug,4,0,730873,max_value_replay,True,True,0,action_l1
long_mug_task4_init0_adaptive_confirm,libero_10_with_mug,4,0,730970,max_value_replay,True,True,0,action_l1
long_mug_task4_init0_adaptive_confirm,libero_10_with_mug,4,0,731067,max_value_replay,False,True,1,action_l1
long_mug_task4_init0_adaptive_confirm,libero_10_with_mug,4,0,731164,max_value_replay,False,True,1,action_l1
long_mug_task4_init0_adaptive_confirm,libero_10_with_mug,4,0,731261,max_value_replay,True,True,0,action_l1
long_mug_task4_init0_adaptive_confirm,libero_10_with_mug,4,0,731358,max_value_replay,True,True,0,action_l1
long_mug_task4_init0_adaptive_confirm,libero_10_with_mug,4,0,731455,max_value_replay,False,False,0,action_l1
long_mug_task4_init0_adaptive_confirm,libero_10_with_mug,4,0,731552,max_value_replay,False,False,0,action_l1
long_mug_task4_init0_adaptive_confirm,libero_10_with_mug,4,0,731649,max_value_replay,True,True,0,action_l1
long_mug_task4_init0_adaptive_confirm,libero_10_with_mug,4,0,731746,max_value_replay,True,True,0,action_l1
long_mug_task4_init0_adaptive_confirm,libero_10_with_mug,4,0,731843,max_value_replay,False,True,1,action_l1
long_mug_task4_init0_adaptive_confirm,libero_10_with_mug,4,0,731940,max_value_replay,True,True,0,action_l1
long_mug_task4_init0_adaptive_confirm,libero_10_with_mug,4,0,732037,max_value_replay,True,False,-1,action_l1
long_mug_task4_init0_adaptive_confirm,libero_10_with_mug,4,0,732134,max_value_replay,True,True,0,action_l1
long_mug_task4_init0_adaptive_confirm,libero_10_with_mug,4,0,732231,max_value_replay,True,True,0,action_l1
long_mug_task4_init0_adaptive_confirm,libero_10_with_mug,4,0,732328,max_value_replay,True,True,0,action_l1
long_mug_task4_init0_adaptive_confirm,libero_10_with_mug,4,0,732425,max_value_replay,True,False,-1,action_l1
long_mug_task4_init0_adaptive_confirm,libero_10_with_mug,4,0,732522,max_value_replay,True,True,0,action_l1
long_mug_task4_init0_adaptive_confirm,libero_10_with_mug,4,0,732619,max_value_replay,False,False,0,action_l1
long_mug_task4_init0_adaptive_confirm,libero_10_with_mug,4,0,732716,max_value_replay,True,True,0,action_l1
long_mug_task4_init0_adaptive_confirm,libero_10_with_mug,4,0,732813,max_value_replay,True,True,0,action_l1
long_mug_task4_init0_adaptive_confirm,libero_10_with_mug,4,0,730000,phase_l1_r0.3,True,True,0,action_l1
long_mug_task4_init0_adaptive_confirm,libero_10_with_mug,4,0,730097,phase_l1_r0.3,True,True,0,action_l1
long_mug_task4_init0_adaptive_confirm,libero_10_with_mug,4,0,730194,phase_l1_r0.3,True,True,0,action_l1
long_mug_task4_init0_adaptive_confirm,libero_10_with_mug,4,0,730291,phase_l1_r0.3,True,True,0,action_l1
long_mug_task4_init0_adaptive_confirm,libero_10_with_mug,4,0,730388,phase_l1_r0.3,True,True,0,action_l1
long_mug_task4_init0_adaptive_confirm,libero_10_with_mug,4,0,730485,phase_l1_r0.3,True,True,0,action_l1
long_mug_task4_init0_adaptive_confirm,libero_10_with_mug,4,0,730582,phase_l1_r0.3,True,True,0,action_l1
long_mug_task4_init0_adaptive_confirm,libero_10_with_mug,4,0,730679,phase_l1_r0.3,True,True,0,action_l1
long_mug_task4_init0_adaptive_confirm,libero_10_with_mug,4,0,730776,phase_l1_r0.3,True,True,0,action_l1
long_mug_task4_init0_adaptive_confirm,libero_10_with_mug,4,0,730873,phase_l1_r0.3,True,True,0,action_l1
long_mug_task4_init0_adaptive_confirm,libero_10_with_mug,4,0,730970,phase_l1_r0.3,True,True,0,action_l1
long_mug_task4_init0_adaptive_confirm,libero_10_with_mug,4,0,731067,phase_l1_r0.3,False,False,0,action_l1
long_mug_task4_init0_adaptive_confirm,libero_10_with_mug,4,0,731164,phase_l1_r0.3,False,False,0,action_l1
long_mug_task4_init0_adaptive_confirm,libero_10_with_mug,4,0,731261,phase_l1_r0.3,True,True,0,action_l1
long_mug_task4_init0_adaptive_confirm,libero_10_with_mug,4,0,731358,phase_l1_r0.3,True,True,0,action_l1
long_mug_task4_init0_adaptive_confirm,libero_10_with_mug,4,0,731455,phase_l1_r0.3,False,False,0,action_l1
long_mug_task4_init0_adaptive_confirm,libero_10_with_mug,4,0,731552,phase_l1_r0.3,False,False,0,action_l1
long_mug_task4_init0_adaptive_confirm,libero_10_with_mug,4,0,731649,phase_l1_r0.3,True,True,0,action_l1
long_mug_task4_init0_adaptive_confirm,libero_10_with_mug,4,0,731746,phase_l1_r0.3,True,True,0,action_l1
long_mug_task4_init0_adaptive_confirm,libero_10_with_mug,4,0,731843,phase_l1_r0.3,False,False,0,action_l1
long_mug_task4_init0_adaptive_confirm,libero_10_with_mug,4,0,731940,phase_l1_r0.3,True,True,0,action_l1
long_mug_task4_init0_adaptive_confirm,libero_10_with_mug,4,0,732037,phase_l1_r0.3,True,True,0,action_l1
long_mug_task4_init0_adaptive_confirm,libero_10_with_mug,4,0,732134,phase_l1_r0.3,True,True,0,action_l1
long_mug_task4_init0_adaptive_confirm,libero_10_with_mug,4,0,732231,phase_l1_r0.3,True,True,0,action_l1
long_mug_task4_init0_adaptive_confirm,libero_10_with_mug,4,0,732328,phase_l1_r0.3,True,True,0,action_l1
long_mug_task4_init0_adaptive_confirm,libero_10_with_mug,4,0,732425,phase_l1_r0.3,True,True,0,action_l1
long_mug_task4_init0_adaptive_confirm,libero_10_with_mug,4,0,732522,phase_l1_r0.3,True,True,0,action_l1
long_mug_task4_init0_adaptive_confirm,libero_10_with_mug,4,0,732619,phase_l1_r0.3,False,False,0,action_l1
long_mug_task4_init0_adaptive_confirm,libero_10_with_mug,4,0,732716,phase_l1_r0.3,True,True,0,action_l1
long_mug_task4_init0_adaptive_confirm,libero_10_with_mug,4,0,732813,phase_l1_r0.3,True,True,0,action_l1
long_mug_task4_init0_adaptive_confirm,libero_10_with_mug,4,0,730000,requery_l1_h8,True,True,0,action_l1
long_mug_task4_init0_adaptive_confirm,libero_10_with_mug,4,0,730097,requery_l1_h8,True,True,0,action_l1
long_mug_task4_init0_adaptive_confirm,libero_10_with_mug,4,0,730194,requery_l1_h8,True,True,0,action_l1
long_mug_task4_init0_adaptive_confirm,libero_10_with_mug,4,0,730291,requery_l1_h8,True,True,0,action_l1
long_mug_task4_init0_adaptive_confirm,libero_10_with_mug,4,0,730388,requery_l1_h8,True,True,0,action_l1
long_mug_task4_init0_adaptive_confirm,libero_10_with_mug,4,0,730485,requery_l1_h8,True,True,0,action_l1
long_mug_task4_init0_adaptive_confirm,libero_10_with_mug,4,0,730582,requery_l1_h8,True,True,0,action_l1
long_mug_task4_init0_adaptive_confirm,libero_10_with_mug,4,0,730679,requery_l1_h8,True,True,0,action_l1
long_mug_task4_init0_adaptive_confirm,libero_10_with_mug,4,0,730776,requery_l1_h8,True,True,0,action_l1
long_mug_task4_init0_adaptive_confirm,libero_10_with_mug,4,0,730873,requery_l1_h8,True,True,0,action_l1
long_mug_task4_init0_adaptive_confirm,libero_10_with_mug,4,0,730970,requery_l1_h8,True,True,0,action_l1
long_mug_task4_init0_adaptive_confirm,libero_10_with_mug,4,0,731067,requery_l1_h8,False,True,1,action_l1
long_mug_task4_init0_adaptive_confirm,libero_10_with_mug,4,0,731164,requery_l1_h8,False,True,1,action_l1
long_mug_task4_init0_adaptive_confirm,libero_10_with_mug,4,0,731261,requery_l1_h8,True,True,0,action_l1
long_mug_task4_init0_adaptive_confirm,libero_10_with_mug,4,0,731358,requery_l1_h8,True,True,0,action_l1
long_mug_task4_init0_adaptive_confirm,libero_10_with_mug,4,0,731455,requery_l1_h8,False,True,1,action_l1
long_mug_task4_init0_adaptive_confirm,libero_10_with_mug,4,0,731552,requery_l1_h8,False,True,1,action_l1
long_mug_task4_init0_adaptive_confirm,libero_10_with_mug,4,0,731649,requery_l1_h8,True,True,0,action_l1
long_mug_task4_init0_adaptive_confirm,libero_10_with_mug,4,0,731746,requery_l1_h8,True,True,0,action_l1
long_mug_task4_init0_adaptive_confirm,libero_10_with_mug,4,0,731843,requery_l1_h8,False,True,1,action_l1
long_mug_task4_init0_adaptive_confirm,libero_10_with_mug,4,0,731940,requery_l1_h8,True,True,0,action_l1
long_mug_task4_init0_adaptive_confirm,libero_10_with_mug,4,0,732037,requery_l1_h8,True,True,0,action_l1
long_mug_task4_init0_adaptive_confirm,libero_10_with_mug,4,0,732134,requery_l1_h8,True,True,0,action_l1
long_mug_task4_init0_adaptive_confirm,libero_10_with_mug,4,0,732231,requery_l1_h8,True,True,0,action_l1
long_mug_task4_init0_adaptive_confirm,libero_10_with_mug,4,0,732328,requery_l1_h8,True,True,0,action_l1
long_mug_task4_init0_adaptive_confirm,libero_10_with_mug,4,0,732425,requery_l1_h8,True,True,0,action_l1
long_mug_task4_init0_adaptive_confirm,libero_10_with_mug,4,0,732522,requery_l1_h8,True,True,0,action_l1
long_mug_task4_init0_adaptive_confirm,libero_10_with_mug,4,0,732619,requery_l1_h8,False,False,0,action_l1
long_mug_task4_init0_adaptive_confirm,libero_10_with_mug,4,0,732716,requery_l1_h8,True,True,0,action_l1
long_mug_task4_init0_adaptive_confirm,libero_10_with_mug,4,0,732813,requery_l1_h8,True,True,0,action_l1
milk_task5_init0_adaptive_confirm,libero_spatial_with_milk,5,0,710000,action_l1_replay,True,True,0,action_l1
milk_task5_init0_adaptive_confirm,libero_spatial_with_milk,5,0,710097,action_l1_replay,True,True,0,action_l1
milk_task5_init0_adaptive_confirm,libero_spatial_with_milk,5,0,710194,action_l1_replay,False,False,0,action_l1
milk_task5_init0_adaptive_confirm,libero_spatial_with_milk,5,0,710291,action_l1_replay,False,False,0,action_l1
milk_task5_init0_adaptive_confirm,libero_spatial_with_milk,5,0,710388,action_l1_replay,True,True,0,action_l1
milk_task5_init0_adaptive_confirm,libero_spatial_with_milk,5,0,710485,action_l1_replay,True,True,0,action_l1
milk_task5_init0_adaptive_confirm,libero_spatial_with_milk,5,0,710582,action_l1_replay,True,True,0,action_l1
milk_task5_init0_adaptive_confirm,libero_spatial_with_milk,5,0,710679,action_l1_replay,True,True,0,action_l1
milk_task5_init0_adaptive_confirm,libero_spatial_with_milk,5,0,710776,action_l1_replay,True,True,0,action_l1
milk_task5_init0_adaptive_confirm,libero_spatial_with_milk,5,0,710873,action_l1_replay,True,True,0,action_l1
milk_task5_init0_adaptive_confirm,libero_spatial_with_milk,5,0,710970,action_l1_replay,True,True,0,action_l1
milk_task5_init0_adaptive_confirm,libero_spatial_with_milk,5,0,711067,action_l1_replay,True,True,0,action_l1
milk_task5_init0_adaptive_confirm,libero_spatial_with_milk,5,0,711164,action_l1_replay,True,True,0,action_l1
milk_task5_init0_adaptive_confirm,libero_spatial_with_milk,5,0,711261,action_l1_replay,False,False,0,action_l1
milk_task5_init0_adaptive_confirm,libero_spatial_with_milk,5,0,711358,action_l1_replay,True,True,0,action_l1
milk_task5_init0_adaptive_confirm,libero_spatial_with_milk,5,0,711455,action_l1_replay,False,False,0,action_l1
milk_task5_init0_adaptive_confirm,libero_spatial_with_milk,5,0,711552,action_l1_replay,False,False,0,action_l1
milk_task5_init0_adaptive_confirm,libero_spatial_with_milk,5,0,711649,action_l1_replay,False,False,0,action_l1
milk_task5_init0_adaptive_confirm,libero_spatial_with_milk,5,0,711746,action_l1_replay,True,True,0,action_l1
milk_task5_init0_adaptive_confirm,libero_spatial_with_milk,5,0,711843,action_l1_replay,True,True,0,action_l1
milk_task5_init0_adaptive_confirm,libero_spatial_with_milk,5,0,711940,action_l1_replay,False,False,0,action_l1
milk_task5_init0_adaptive_confirm,libero_spatial_with_milk,5,0,712037,action_l1_replay,False,False,0,action_l1
milk_task5_init0_adaptive_confirm,libero_spatial_with_milk,5,0,712134,action_l1_replay,False,False,0,action_l1
milk_task5_init0_adaptive_confirm,libero_spatial_with_milk,5,0,712231,action_l1_replay,True,True,0,action_l1
milk_task5_init0_adaptive_confirm,libero_spatial_with_milk,5,0,712328,action_l1_replay,False,False,0,action_l1
milk_task5_init0_adaptive_confirm,libero_spatial_with_milk,5,0,712425,action_l1_replay,True,True,0,action_l1
milk_task5_init0_adaptive_confirm,libero_spatial_with_milk,5,0,712522,action_l1_replay,True,True,0,action_l1
milk_task5_init0_adaptive_confirm,libero_spatial_with_milk,5,0,712619,action_l1_replay,True,True,0,action_l1
milk_task5_init0_adaptive_confirm,libero_spatial_with_milk,5,0,712716,action_l1_replay,False,False,0,action_l1
milk_task5_init0_adaptive_confirm,libero_spatial_with_milk,5,0,712813,action_l1_replay,False,False,0,action_l1
milk_task5_init0_adaptive_confirm,libero_spatial_with_milk,5,0,710000,max_value,True,False,-1,action_l1
milk_task5_init0_adaptive_confirm,libero_spatial_with_milk,5,0,710097,max_value,True,True,0,action_l1
milk_task5_init0_adaptive_confirm,libero_spatial_with_milk,5,0,710194,max_value,False,True,1,action_l1
milk_task5_init0_adaptive_confirm,libero_spatial_with_milk,5,0,710291,max_value,False,True,1,action_l1
milk_task5_init0_adaptive_confirm,libero_spatial_with_milk,5,0,710388,max_value,True,False,-1,action_l1
milk_task5_init0_adaptive_confirm,libero_spatial_with_milk,5,0,710485,max_value,True,True,0,action_l1
milk_task5_init0_adaptive_confirm,libero_spatial_with_milk,5,0,710582,max_value,True,False,-1,action_l1
milk_task5_init0_adaptive_confirm,libero_spatial_with_milk,5,0,710679,max_value,True,False,-1,action_l1
milk_task5_init0_adaptive_confirm,libero_spatial_with_milk,5,0,710776,max_value,True,False,-1,action_l1
milk_task5_init0_adaptive_confirm,libero_spatial_with_milk,5,0,710873,max_value,True,False,-1,action_l1
milk_task5_init0_adaptive_confirm,libero_spatial_with_milk,5,0,710970,max_value,True,True,0,action_l1
milk_task5_init0_adaptive_confirm,libero_spatial_with_milk,5,0,711067,max_value,True,False,-1,action_l1
milk_task5_init0_adaptive_confirm,libero_spatial_with_milk,5,0,711164,max_value,True,True,0,action_l1
milk_task5_init0_adaptive_confirm,libero_spatial_with_milk,5,0,711261,max_value,False,False,0,action_l1
milk_task5_init0_adaptive_confirm,libero_spatial_with_milk,5,0,711358,max_value,True,True,0,action_l1
milk_task5_init0_adaptive_confirm,libero_spatial_with_milk,5,0,711455,max_value,False,True,1,action_l1
milk_task5_init0_adaptive_confirm,libero_spatial_with_milk,5,0,711552,max_value,False,True,1,action_l1
milk_task5_init0_adaptive_confirm,libero_spatial_with_milk,5,0,711649,max_value,False,True,1,action_l1
milk_task5_init0_adaptive_confirm,libero_spatial_with_milk,5,0,711746,max_value,True,False,-1,action_l1
milk_task5_init0_adaptive_confirm,libero_spatial_with_milk,5,0,711843,max_value,True,True,0,action_l1
milk_task5_init0_adaptive_confirm,libero_spatial_with_milk,5,0,711940,max_value,False,False,0,action_l1
milk_task5_init0_adaptive_confirm,libero_spatial_with_milk,5,0,712037,max_value,False,False,0,action_l1
milk_task5_init0_adaptive_confirm,libero_spatial_with_milk,5,0,712134,max_value,False,True,1,action_l1
milk_task5_init0_adaptive_confirm,libero_spatial_with_milk,5,0,712231,max_value,True,True,0,action_l1
milk_task5_init0_adaptive_confirm,libero_spatial_with_milk,5,0,712328,max_value,False,False,0,action_l1
milk_task5_init0_adaptive_confirm,libero_spatial_with_milk,5,0,712425,max_value,True,False,-1,action_l1
milk_task5_init0_adaptive_confirm,libero_spatial_with_milk,5,0,712522,max_value,True,True,0,action_l1
milk_task5_init0_adaptive_confirm,libero_spatial_with_milk,5,0,712619,max_value,True,False,-1,action_l1
milk_task5_init0_adaptive_confirm,libero_spatial_with_milk,5,0,712716,max_value,False,False,0,action_l1
milk_task5_init0_adaptive_confirm,libero_spatial_with_milk,5,0,712813,max_value,False,False,0,action_l1
milk_task5_init0_adaptive_confirm,libero_spatial_with_milk,5,0,710000,max_value_replay,True,False,-1,action_l1
milk_task5_init0_adaptive_confirm,libero_spatial_with_milk,5,0,710097,max_value_replay,True,True,0,action_l1
milk_task5_init0_adaptive_confirm,libero_spatial_with_milk,5,0,710194,max_value_replay,False,True,1,action_l1
milk_task5_init0_adaptive_confirm,libero_spatial_with_milk,5,0,710291,max_value_replay,False,False,0,action_l1
milk_task5_init0_adaptive_confirm,libero_spatial_with_milk,5,0,710388,max_value_replay,True,False,-1,action_l1
milk_task5_init0_adaptive_confirm,libero_spatial_with_milk,5,0,710485,max_value_replay,True,True,0,action_l1
milk_task5_init0_adaptive_confirm,libero_spatial_with_milk,5,0,710582,max_value_replay,True,False,-1,action_l1
milk_task5_init0_adaptive_confirm,libero_spatial_with_milk,5,0,710679,max_value_replay,True,False,-1,action_l1
milk_task5_init0_adaptive_confirm,libero_spatial_with_milk,5,0,710776,max_value_replay,True,False,-1,action_l1
milk_task5_init0_adaptive_confirm,libero_spatial_with_milk,5,0,710873,max_value_replay,True,False,-1,action_l1
milk_task5_init0_adaptive_confirm,libero_spatial_with_milk,5,0,710970,max_value_replay,True,True,0,action_l1
milk_task5_init0_adaptive_confirm,libero_spatial_with_milk,5,0,711067,max_value_replay,True,True,0,action_l1
milk_task5_init0_adaptive_confirm,libero_spatial_with_milk,5,0,711164,max_value_replay,True,False,-1,action_l1
milk_task5_init0_adaptive_confirm,libero_spatial_with_milk,5,0,711261,max_value_replay,False,False,0,action_l1
milk_task5_init0_adaptive_confirm,libero_spatial_with_milk,5,0,711358,max_value_replay,True,True,0,action_l1
milk_task5_init0_adaptive_confirm,libero_spatial_with_milk,5,0,711455,max_value_replay,False,True,1,action_l1
milk_task5_init0_adaptive_confirm,libero_spatial_with_milk,5,0,711552,max_value_replay,False,True,1,action_l1
milk_task5_init0_adaptive_confirm,libero_spatial_with_milk,5,0,711649,max_value_replay,False,True,1,action_l1
milk_task5_init0_adaptive_confirm,libero_spatial_with_milk,5,0,711746,max_value_replay,True,True,0,action_l1
milk_task5_init0_adaptive_confirm,libero_spatial_with_milk,5,0,711843,max_value_replay,True,True,0,action_l1
milk_task5_init0_adaptive_confirm,libero_spatial_with_milk,5,0,711940,max_value_replay,False,True,1,action_l1
milk_task5_init0_adaptive_confirm,libero_spatial_with_milk,5,0,712037,max_value_replay,False,False,0,action_l1
milk_task5_init0_adaptive_confirm,libero_spatial_with_milk,5,0,712134,max_value_replay,False,True,1,action_l1
milk_task5_init0_adaptive_confirm,libero_spatial_with_milk,5,0,712231,max_value_replay,True,True,0,action_l1
milk_task5_init0_adaptive_confirm,libero_spatial_with_milk,5,0,712328,max_value_replay,False,False,0,action_l1
milk_task5_init0_adaptive_confirm,libero_spatial_with_milk,5,0,712425,max_value_replay,True,False,-1,action_l1
milk_task5_init0_adaptive_confirm,libero_spatial_with_milk,5,0,712522,max_value_replay,True,True,0,action_l1
milk_task5_init0_adaptive_confirm,libero_spatial_with_milk,5,0,712619,max_value_replay,True,False,-1,action_l1
milk_task5_init0_adaptive_confirm,libero_spatial_with_milk,5,0,712716,max_value_replay,False,False,0,action_l1
milk_task5_init0_adaptive_confirm,libero_spatial_with_milk,5,0,712813,max_value_replay,False,False,0,action_l1
milk_task5_init0_adaptive_confirm,libero_spatial_with_milk,5,0,710000,phase_l1_r0.3,True,True,0,action_l1
milk_task5_init0_adaptive_confirm,libero_spatial_with_milk,5,0,710097,phase_l1_r0.3,True,True,0,action_l1
milk_task5_init0_adaptive_confirm,libero_spatial_with_milk,5,0,710194,phase_l1_r0.3,False,False,0,action_l1
milk_task5_init0_adaptive_confirm,libero_spatial_with_milk,5,0,710291,phase_l1_r0.3,False,False,0,action_l1
milk_task5_init0_adaptive_confirm,libero_spatial_with_milk,5,0,710388,phase_l1_r0.3,True,True,0,action_l1
milk_task5_init0_adaptive_confirm,libero_spatial_with_milk,5,0,710485,phase_l1_r0.3,True,True,0,action_l1
milk_task5_init0_adaptive_confirm,libero_spatial_with_milk,5,0,710582,phase_l1_r0.3,True,True,0,action_l1
milk_task5_init0_adaptive_confirm,libero_spatial_with_milk,5,0,710679,phase_l1_r0.3,True,True,0,action_l1
milk_task5_init0_adaptive_confirm,libero_spatial_with_milk,5,0,710776,phase_l1_r0.3,True,True,0,action_l1
milk_task5_init0_adaptive_confirm,libero_spatial_with_milk,5,0,710873,phase_l1_r0.3,True,True,0,action_l1
milk_task5_init0_adaptive_confirm,libero_spatial_with_milk,5,0,710970,phase_l1_r0.3,True,True,0,action_l1
milk_task5_init0_adaptive_confirm,libero_spatial_with_milk,5,0,711067,phase_l1_r0.3,True,False,-1,action_l1
milk_task5_init0_adaptive_confirm,libero_spatial_with_milk,5,0,711164,phase_l1_r0.3,True,True,0,action_l1
milk_task5_init0_adaptive_confirm,libero_spatial_with_milk,5,0,711261,phase_l1_r0.3,False,False,0,action_l1
milk_task5_init0_adaptive_confirm,libero_spatial_with_milk,5,0,711358,phase_l1_r0.3,True,True,0,action_l1
milk_task5_init0_adaptive_confirm,libero_spatial_with_milk,5,0,711455,phase_l1_r0.3,False,False,0,action_l1
milk_task5_init0_adaptive_confirm,libero_spatial_with_milk,5,0,711552,phase_l1_r0.3,False,False,0,action_l1
milk_task5_init0_adaptive_confirm,libero_spatial_with_milk,5,0,711649,phase_l1_r0.3,False,False,0,action_l1
milk_task5_init0_adaptive_confirm,libero_spatial_with_milk,5,0,711746,phase_l1_r0.3,True,True,0,action_l1
milk_task5_init0_adaptive_confirm,libero_spatial_with_milk,5,0,711843,phase_l1_r0.3,True,True,0,action_l1
milk_task5_init0_adaptive_confirm,libero_spatial_with_milk,5,0,711940,phase_l1_r0.3,False,True,1,action_l1
milk_task5_init0_adaptive_confirm,libero_spatial_with_milk,5,0,712037,phase_l1_r0.3,False,False,0,action_l1
milk_task5_init0_adaptive_confirm,libero_spatial_with_milk,5,0,712134,phase_l1_r0.3,False,False,0,action_l1
milk_task5_init0_adaptive_confirm,libero_spatial_with_milk,5,0,712231,phase_l1_r0.3,True,True,0,action_l1
milk_task5_init0_adaptive_confirm,libero_spatial_with_milk,5,0,712328,phase_l1_r0.3,False,False,0,action_l1
milk_task5_init0_adaptive_confirm,libero_spatial_with_milk,5,0,712425,phase_l1_r0.3,True,True,0,action_l1
milk_task5_init0_adaptive_confirm,libero_spatial_with_milk,5,0,712522,phase_l1_r0.3,True,True,0,action_l1
milk_task5_init0_adaptive_confirm,libero_spatial_with_milk,5,0,712619,phase_l1_r0.3,True,True,0,action_l1
milk_task5_init0_adaptive_confirm,libero_spatial_with_milk,5,0,712716,phase_l1_r0.3,False,False,0,action_l1
milk_task5_init0_adaptive_confirm,libero_spatial_with_milk,5,0,712813,phase_l1_r0.3,False,False,0,action_l1
milk_task5_init0_adaptive_confirm,libero_spatial_with_milk,5,0,710000,requery_l1_h8,True,True,0,action_l1
milk_task5_init0_adaptive_confirm,libero_spatial_with_milk,5,0,710097,requery_l1_h8,True,True,0,action_l1
milk_task5_init0_adaptive_confirm,libero_spatial_with_milk,5,0,710194,requery_l1_h8,False,False,0,action_l1
milk_task5_init0_adaptive_confirm,libero_spatial_with_milk,5,0,710291,requery_l1_h8,False,True,1,action_l1
milk_task5_init0_adaptive_confirm,libero_spatial_with_milk,5,0,710388,requery_l1_h8,True,False,-1,action_l1
milk_task5_init0_adaptive_confirm,libero_spatial_with_milk,5,0,710485,requery_l1_h8,True,False,-1,action_l1
milk_task5_init0_adaptive_confirm,libero_spatial_with_milk,5,0,710582,requery_l1_h8,True,False,-1,action_l1
milk_task5_init0_adaptive_confirm,libero_spatial_with_milk,5,0,710679,requery_l1_h8,True,False,-1,action_l1
milk_task5_init0_adaptive_confirm,libero_spatial_with_milk,5,0,710776,requery_l1_h8,True,True,0,action_l1
milk_task5_init0_adaptive_confirm,libero_spatial_with_milk,5,0,710873,requery_l1_h8,True,False,-1,action_l1
milk_task5_init0_adaptive_confirm,libero_spatial_with_milk,5,0,710970,requery_l1_h8,True,False,-1,action_l1
milk_task5_init0_adaptive_confirm,libero_spatial_with_milk,5,0,711067,requery_l1_h8,True,True,0,action_l1
milk_task5_init0_adaptive_confirm,libero_spatial_with_milk,5,0,711164,requery_l1_h8,True,False,-1,action_l1
milk_task5_init0_adaptive_confirm,libero_spatial_with_milk,5,0,711261,requery_l1_h8,False,True,1,action_l1
milk_task5_init0_adaptive_confirm,libero_spatial_with_milk,5,0,711358,requery_l1_h8,True,False,-1,action_l1
milk_task5_init0_adaptive_confirm,libero_spatial_with_milk,5,0,711455,requery_l1_h8,False,True,1,action_l1
milk_task5_init0_adaptive_confirm,libero_spatial_with_milk,5,0,711552,requery_l1_h8,False,False,0,action_l1
milk_task5_init0_adaptive_confirm,libero_spatial_with_milk,5,0,711649,requery_l1_h8,False,False,0,action_l1
milk_task5_init0_adaptive_confirm,libero_spatial_with_milk,5,0,711746,requery_l1_h8,True,False,-1,action_l1
milk_task5_init0_adaptive_confirm,libero_spatial_with_milk,5,0,711843,requery_l1_h8,True,True,0,action_l1
milk_task5_init0_adaptive_confirm,libero_spatial_with_milk,5,0,711940,requery_l1_h8,False,False,0,action_l1
milk_task5_init0_adaptive_confirm,libero_spatial_with_milk,5,0,712037,requery_l1_h8,False,True,1,action_l1
milk_task5_init0_adaptive_confirm,libero_spatial_with_milk,5,0,712134,requery_l1_h8,False,False,0,action_l1
milk_task5_init0_adaptive_confirm,libero_spatial_with_milk,5,0,712231,requery_l1_h8,True,False,-1,action_l1
milk_task5_init0_adaptive_confirm,libero_spatial_with_milk,5,0,712328,requery_l1_h8,False,False,0,action_l1
milk_task5_init0_adaptive_confirm,libero_spatial_with_milk,5,0,712425,requery_l1_h8,True,True,0,action_l1
milk_task5_init0_adaptive_confirm,libero_spatial_with_milk,5,0,712522,requery_l1_h8,True,False,-1,action_l1
milk_task5_init0_adaptive_confirm,libero_spatial_with_milk,5,0,712619,requery_l1_h8,True,True,0,action_l1
milk_task5_init0_adaptive_confirm,libero_spatial_with_milk,5,0,712716,requery_l1_h8,False,False,0,action_l1
milk_task5_init0_adaptive_confirm,libero_spatial_with_milk,5,0,712813,requery_l1_h8,False,False,0,action_l1
spatial_mug_task0_init0_adaptive_confirm,libero_spatial_with_mug,0,0,740000,action_l1_replay,True,True,0,action_l1
spatial_mug_task0_init0_adaptive_confirm,libero_spatial_with_mug,0,0,740097,action_l1_replay,True,True,0,action_l1
spatial_mug_task0_init0_adaptive_confirm,libero_spatial_with_mug,0,0,740194,action_l1_replay,True,True,0,action_l1
spatial_mug_task0_init0_adaptive_confirm,libero_spatial_with_mug,0,0,740291,action_l1_replay,True,True,0,action_l1
spatial_mug_task0_init0_adaptive_confirm,libero_spatial_with_mug,0,0,740388,action_l1_replay,False,False,0,action_l1
spatial_mug_task0_init0_adaptive_confirm,libero_spatial_with_mug,0,0,740485,action_l1_replay,True,True,0,action_l1
spatial_mug_task0_init0_adaptive_confirm,libero_spatial_with_mug,0,0,740582,action_l1_replay,True,True,0,action_l1
spatial_mug_task0_init0_adaptive_confirm,libero_spatial_with_mug,0,0,740679,action_l1_replay,True,True,0,action_l1
spatial_mug_task0_init0_adaptive_confirm,libero_spatial_with_mug,0,0,740776,action_l1_replay,True,True,0,action_l1
spatial_mug_task0_init0_adaptive_confirm,libero_spatial_with_mug,0,0,740873,action_l1_replay,False,False,0,action_l1
spatial_mug_task0_init0_adaptive_confirm,libero_spatial_with_mug,0,0,740970,action_l1_replay,True,True,0,action_l1
spatial_mug_task0_init0_adaptive_confirm,libero_spatial_with_mug,0,0,741067,action_l1_replay,True,True,0,action_l1
spatial_mug_task0_init0_adaptive_confirm,libero_spatial_with_mug,0,0,741164,action_l1_replay,True,True,0,action_l1
spatial_mug_task0_init0_adaptive_confirm,libero_spatial_with_mug,0,0,741261,action_l1_replay,True,True,0,action_l1
spatial_mug_task0_init0_adaptive_confirm,libero_spatial_with_mug,0,0,741358,action_l1_replay,True,True,0,action_l1
spatial_mug_task0_init0_adaptive_confirm,libero_spatial_with_mug,0,0,741455,action_l1_replay,True,True,0,action_l1
spatial_mug_task0_init0_adaptive_confirm,libero_spatial_with_mug,0,0,741552,action_l1_replay,True,True,0,action_l1
spatial_mug_task0_init0_adaptive_confirm,libero_spatial_with_mug,0,0,741649,action_l1_replay,True,True,0,action_l1
spatial_mug_task0_init0_adaptive_confirm,libero_spatial_with_mug,0,0,741746,action_l1_replay,False,False,0,action_l1
spatial_mug_task0_init0_adaptive_confirm,libero_spatial_with_mug,0,0,741843,action_l1_replay,True,True,0,action_l1
spatial_mug_task0_init0_adaptive_confirm,libero_spatial_with_mug,0,0,741940,action_l1_replay,False,False,0,action_l1
spatial_mug_task0_init0_adaptive_confirm,libero_spatial_with_mug,0,0,742037,action_l1_replay,True,True,0,action_l1
spatial_mug_task0_init0_adaptive_confirm,libero_spatial_with_mug,0,0,742134,action_l1_replay,True,True,0,action_l1
spatial_mug_task0_init0_adaptive_confirm,libero_spatial_with_mug,0,0,742231,action_l1_replay,True,True,0,action_l1
spatial_mug_task0_init0_adaptive_confirm,libero_spatial_with_mug,0,0,742328,action_l1_replay,True,True,0,action_l1
spatial_mug_task0_init0_adaptive_confirm,libero_spatial_with_mug,0,0,742425,action_l1_replay,True,True,0,action_l1
spatial_mug_task0_init0_adaptive_confirm,libero_spatial_with_mug,0,0,742522,action_l1_replay,True,True,0,action_l1
spatial_mug_task0_init0_adaptive_confirm,libero_spatial_with_mug,0,0,742619,action_l1_replay,True,True,0,action_l1
spatial_mug_task0_init0_adaptive_confirm,libero_spatial_with_mug,0,0,742716,action_l1_replay,True,True,0,action_l1
spatial_mug_task0_init0_adaptive_confirm,libero_spatial_with_mug,0,0,742813,action_l1_replay,True,True,0,action_l1
spatial_mug_task0_init0_adaptive_confirm,libero_spatial_with_mug,0,0,740000,max_value,True,True,0,action_l1
spatial_mug_task0_init0_adaptive_confirm,libero_spatial_with_mug,0,0,740097,max_value,True,True,0,action_l1
spatial_mug_task0_init0_adaptive_confirm,libero_spatial_with_mug,0,0,740194,max_value,True,True,0,action_l1
spatial_mug_task0_init0_adaptive_confirm,libero_spatial_with_mug,0,0,740291,max_value,True,True,0,action_l1
spatial_mug_task0_init0_adaptive_confirm,libero_spatial_with_mug,0,0,740388,max_value,False,True,1,action_l1
spatial_mug_task0_init0_adaptive_confirm,libero_spatial_with_mug,0,0,740485,max_value,True,True,0,action_l1
spatial_mug_task0_init0_adaptive_confirm,libero_spatial_with_mug,0,0,740582,max_value,True,False,-1,action_l1
spatial_mug_task0_init0_adaptive_confirm,libero_spatial_with_mug,0,0,740679,max_value,True,True,0,action_l1
spatial_mug_task0_init0_adaptive_confirm,libero_spatial_with_mug,0,0,740776,max_value,True,True,0,action_l1
spatial_mug_task0_init0_adaptive_confirm,libero_spatial_with_mug,0,0,740873,max_value,False,True,1,action_l1
spatial_mug_task0_init0_adaptive_confirm,libero_spatial_with_mug,0,0,740970,max_value,True,True,0,action_l1
spatial_mug_task0_init0_adaptive_confirm,libero_spatial_with_mug,0,0,741067,max_value,True,True,0,action_l1
spatial_mug_task0_init0_adaptive_confirm,libero_spatial_with_mug,0,0,741164,max_value,True,False,-1,action_l1
spatial_mug_task0_init0_adaptive_confirm,libero_spatial_with_mug,0,0,741261,max_value,True,True,0,action_l1
spatial_mug_task0_init0_adaptive_confirm,libero_spatial_with_mug,0,0,741358,max_value,True,True,0,action_l1
spatial_mug_task0_init0_adaptive_confirm,libero_spatial_with_mug,0,0,741455,max_value,True,False,-1,action_l1
spatial_mug_task0_init0_adaptive_confirm,libero_spatial_with_mug,0,0,741552,max_value,True,False,-1,action_l1
spatial_mug_task0_init0_adaptive_confirm,libero_spatial_with_mug,0,0,741649,max_value,True,True,0,action_l1
spatial_mug_task0_init0_adaptive_confirm,libero_spatial_with_mug,0,0,741746,max_value,False,True,1,action_l1
spatial_mug_task0_init0_adaptive_confirm,libero_spatial_with_mug,0,0,741843,max_value,True,True,0,action_l1
spatial_mug_task0_init0_adaptive_confirm,libero_spatial_with_mug,0,0,741940,max_value,False,False,0,action_l1
spatial_mug_task0_init0_adaptive_confirm,libero_spatial_with_mug,0,0,742037,max_value,True,True,0,action_l1
spatial_mug_task0_init0_adaptive_confirm,libero_spatial_with_mug,0,0,742134,max_value,True,True,0,action_l1
spatial_mug_task0_init0_adaptive_confirm,libero_spatial_with_mug,0,0,742231,max_value,True,True,0,action_l1
spatial_mug_task0_init0_adaptive_confirm,libero_spatial_with_mug,0,0,742328,max_value,True,True,0,action_l1
spatial_mug_task0_init0_adaptive_confirm,libero_spatial_with_mug,0,0,742425,max_value,True,True,0,action_l1
spatial_mug_task0_init0_adaptive_confirm,libero_spatial_with_mug,0,0,742522,max_value,True,True,0,action_l1
spatial_mug_task0_init0_adaptive_confirm,libero_spatial_with_mug,0,0,742619,max_value,True,False,-1,action_l1
spatial_mug_task0_init0_adaptive_confirm,libero_spatial_with_mug,0,0,742716,max_value,True,False,-1,action_l1
spatial_mug_task0_init0_adaptive_confirm,libero_spatial_with_mug,0,0,742813,max_value,True,False,-1,action_l1
spatial_mug_task0_init0_adaptive_confirm,libero_spatial_with_mug,0,0,740000,max_value_replay,True,True,0,action_l1
spatial_mug_task0_init0_adaptive_confirm,libero_spatial_with_mug,0,0,740097,max_value_replay,True,True,0,action_l1
spatial_mug_task0_init0_adaptive_confirm,libero_spatial_with_mug,0,0,740194,max_value_replay,True,True,0,action_l1
spatial_mug_task0_init0_adaptive_confirm,libero_spatial_with_mug,0,0,740291,max_value_replay,True,True,0,action_l1
spatial_mug_task0_init0_adaptive_confirm,libero_spatial_with_mug,0,0,740388,max_value_replay,False,True,1,action_l1
spatial_mug_task0_init0_adaptive_confirm,libero_spatial_with_mug,0,0,740485,max_value_replay,True,True,0,action_l1
spatial_mug_task0_init0_adaptive_confirm,libero_spatial_with_mug,0,0,740582,max_value_replay,True,False,-1,action_l1
spatial_mug_task0_init0_adaptive_confirm,libero_spatial_with_mug,0,0,740679,max_value_replay,True,True,0,action_l1
spatial_mug_task0_init0_adaptive_confirm,libero_spatial_with_mug,0,0,740776,max_value_replay,True,True,0,action_l1
spatial_mug_task0_init0_adaptive_confirm,libero_spatial_with_mug,0,0,740873,max_value_replay,False,True,1,action_l1
spatial_mug_task0_init0_adaptive_confirm,libero_spatial_with_mug,0,0,740970,max_value_replay,True,True,0,action_l1
spatial_mug_task0_init0_adaptive_confirm,libero_spatial_with_mug,0,0,741067,max_value_replay,True,True,0,action_l1
spatial_mug_task0_init0_adaptive_confirm,libero_spatial_with_mug,0,0,741164,max_value_replay,True,False,-1,action_l1
spatial_mug_task0_init0_adaptive_confirm,libero_spatial_with_mug,0,0,741261,max_value_replay,True,True,0,action_l1
spatial_mug_task0_init0_adaptive_confirm,libero_spatial_with_mug,0,0,741358,max_value_replay,True,True,0,action_l1
spatial_mug_task0_init0_adaptive_confirm,libero_spatial_with_mug,0,0,741455,max_value_replay,True,False,-1,action_l1
spatial_mug_task0_init0_adaptive_confirm,libero_spatial_with_mug,0,0,741552,max_value_replay,True,False,-1,action_l1
spatial_mug_task0_init0_adaptive_confirm,libero_spatial_with_mug,0,0,741649,max_value_replay,True,True,0,action_l1
spatial_mug_task0_init0_adaptive_confirm,libero_spatial_with_mug,0,0,741746,max_value_replay,False,True,1,action_l1
spatial_mug_task0_init0_adaptive_confirm,libero_spatial_with_mug,0,0,741843,max_value_replay,True,True,0,action_l1
spatial_mug_task0_init0_adaptive_confirm,libero_spatial_with_mug,0,0,741940,max_value_replay,False,False,0,action_l1
spatial_mug_task0_init0_adaptive_confirm,libero_spatial_with_mug,0,0,742037,max_value_replay,True,True,0,action_l1
spatial_mug_task0_init0_adaptive_confirm,libero_spatial_with_mug,0,0,742134,max_value_replay,True,True,0,action_l1
spatial_mug_task0_init0_adaptive_confirm,libero_spatial_with_mug,0,0,742231,max_value_replay,True,True,0,action_l1
spatial_mug_task0_init0_adaptive_confirm,libero_spatial_with_mug,0,0,742328,max_value_replay,True,True,0,action_l1
spatial_mug_task0_init0_adaptive_confirm,libero_spatial_with_mug,0,0,742425,max_value_replay,True,True,0,action_l1
spatial_mug_task0_init0_adaptive_confirm,libero_spatial_with_mug,0,0,742522,max_value_replay,True,True,0,action_l1
spatial_mug_task0_init0_adaptive_confirm,libero_spatial_with_mug,0,0,742619,max_value_replay,True,False,-1,action_l1
spatial_mug_task0_init0_adaptive_confirm,libero_spatial_with_mug,0,0,742716,max_value_replay,True,False,-1,action_l1
spatial_mug_task0_init0_adaptive_confirm,libero_spatial_with_mug,0,0,742813,max_value_replay,True,False,-1,action_l1
spatial_mug_task0_init0_adaptive_confirm,libero_spatial_with_mug,0,0,740000,phase_l1_r0.3,True,True,0,action_l1
spatial_mug_task0_init0_adaptive_confirm,libero_spatial_with_mug,0,0,740097,phase_l1_r0.3,True,True,0,action_l1
spatial_mug_task0_init0_adaptive_confirm,libero_spatial_with_mug,0,0,740194,phase_l1_r0.3,True,True,0,action_l1
spatial_mug_task0_init0_adaptive_confirm,libero_spatial_with_mug,0,0,740291,phase_l1_r0.3,True,True,0,action_l1
spatial_mug_task0_init0_adaptive_confirm,libero_spatial_with_mug,0,0,740388,phase_l1_r0.3,False,True,1,action_l1
spatial_mug_task0_init0_adaptive_confirm,libero_spatial_with_mug,0,0,740485,phase_l1_r0.3,True,True,0,action_l1
spatial_mug_task0_init0_adaptive_confirm,libero_spatial_with_mug,0,0,740582,phase_l1_r0.3,True,False,-1,action_l1
spatial_mug_task0_init0_adaptive_confirm,libero_spatial_with_mug,0,0,740679,phase_l1_r0.3,True,True,0,action_l1
spatial_mug_task0_init0_adaptive_confirm,libero_spatial_with_mug,0,0,740776,phase_l1_r0.3,True,True,0,action_l1
spatial_mug_task0_init0_adaptive_confirm,libero_spatial_with_mug,0,0,740873,phase_l1_r0.3,False,True,1,action_l1
spatial_mug_task0_init0_adaptive_confirm,libero_spatial_with_mug,0,0,740970,phase_l1_r0.3,True,True,0,action_l1
spatial_mug_task0_init0_adaptive_confirm,libero_spatial_with_mug,0,0,741067,phase_l1_r0.3,True,True,0,action_l1
spatial_mug_task0_init0_adaptive_confirm,libero_spatial_with_mug,0,0,741164,phase_l1_r0.3,True,True,0,action_l1
spatial_mug_task0_init0_adaptive_confirm,libero_spatial_with_mug,0,0,741261,phase_l1_r0.3,True,False,-1,action_l1
spatial_mug_task0_init0_adaptive_confirm,libero_spatial_with_mug,0,0,741358,phase_l1_r0.3,True,True,0,action_l1
spatial_mug_task0_init0_adaptive_confirm,libero_spatial_with_mug,0,0,741455,phase_l1_r0.3,True,True,0,action_l1
spatial_mug_task0_init0_adaptive_confirm,libero_spatial_with_mug,0,0,741552,phase_l1_r0.3,True,False,-1,action_l1
spatial_mug_task0_init0_adaptive_confirm,libero_spatial_with_mug,0,0,741649,phase_l1_r0.3,True,True,0,action_l1
spatial_mug_task0_init0_adaptive_confirm,libero_spatial_with_mug,0,0,741746,phase_l1_r0.3,False,False,0,action_l1
spatial_mug_task0_init0_adaptive_confirm,libero_spatial_with_mug,0,0,741843,phase_l1_r0.3,True,True,0,action_l1
spatial_mug_task0_init0_adaptive_confirm,libero_spatial_with_mug,0,0,741940,phase_l1_r0.3,False,False,0,action_l1
spatial_mug_task0_init0_adaptive_confirm,libero_spatial_with_mug,0,0,742037,phase_l1_r0.3,True,True,0,action_l1
spatial_mug_task0_init0_adaptive_confirm,libero_spatial_with_mug,0,0,742134,phase_l1_r0.3,True,True,0,action_l1
spatial_mug_task0_init0_adaptive_confirm,libero_spatial_with_mug,0,0,742231,phase_l1_r0.3,True,True,0,action_l1
spatial_mug_task0_init0_adaptive_confirm,libero_spatial_with_mug,0,0,742328,phase_l1_r0.3,True,True,0,action_l1
spatial_mug_task0_init0_adaptive_confirm,libero_spatial_with_mug,0,0,742425,phase_l1_r0.3,True,True,0,action_l1
spatial_mug_task0_init0_adaptive_confirm,libero_spatial_with_mug,0,0,742522,phase_l1_r0.3,True,False,-1,action_l1
spatial_mug_task0_init0_adaptive_confirm,libero_spatial_with_mug,0,0,742619,phase_l1_r0.3,True,True,0,action_l1
spatial_mug_task0_init0_adaptive_confirm,libero_spatial_with_mug,0,0,742716,phase_l1_r0.3,True,True,0,action_l1
spatial_mug_task0_init0_adaptive_confirm,libero_spatial_with_mug,0,0,742813,phase_l1_r0.3,True,True,0,action_l1
spatial_mug_task0_init0_adaptive_confirm,libero_spatial_with_mug,0,0,740000,requery_l1_h8,True,True,0,action_l1
spatial_mug_task0_init0_adaptive_confirm,libero_spatial_with_mug,0,0,740097,requery_l1_h8,True,True,0,action_l1
spatial_mug_task0_init0_adaptive_confirm,libero_spatial_with_mug,0,0,740194,requery_l1_h8,True,True,0,action_l1
spatial_mug_task0_init0_adaptive_confirm,libero_spatial_with_mug,0,0,740291,requery_l1_h8,True,True,0,action_l1
spatial_mug_task0_init0_adaptive_confirm,libero_spatial_with_mug,0,0,740388,requery_l1_h8,False,True,1,action_l1
spatial_mug_task0_init0_adaptive_confirm,libero_spatial_with_mug,0,0,740485,requery_l1_h8,True,True,0,action_l1
spatial_mug_task0_init0_adaptive_confirm,libero_spatial_with_mug,0,0,740582,requery_l1_h8,True,True,0,action_l1
spatial_mug_task0_init0_adaptive_confirm,libero_spatial_with_mug,0,0,740679,requery_l1_h8,True,False,-1,action_l1
spatial_mug_task0_init0_adaptive_confirm,libero_spatial_with_mug,0,0,740776,requery_l1_h8,True,True,0,action_l1
spatial_mug_task0_init0_adaptive_confirm,libero_spatial_with_mug,0,0,740873,requery_l1_h8,False,True,1,action_l1
spatial_mug_task0_init0_adaptive_confirm,libero_spatial_with_mug,0,0,740970,requery_l1_h8,True,True,0,action_l1
spatial_mug_task0_init0_adaptive_confirm,libero_spatial_with_mug,0,0,741067,requery_l1_h8,True,True,0,action_l1
spatial_mug_task0_init0_adaptive_confirm,libero_spatial_with_mug,0,0,741164,requery_l1_h8,True,True,0,action_l1
spatial_mug_task0_init0_adaptive_confirm,libero_spatial_with_mug,0,0,741261,requery_l1_h8,True,True,0,action_l1
spatial_mug_task0_init0_adaptive_confirm,libero_spatial_with_mug,0,0,741358,requery_l1_h8,True,True,0,action_l1
spatial_mug_task0_init0_adaptive_confirm,libero_spatial_with_mug,0,0,741455,requery_l1_h8,True,True,0,action_l1
spatial_mug_task0_init0_adaptive_confirm,libero_spatial_with_mug,0,0,741552,requery_l1_h8,True,True,0,action_l1
spatial_mug_task0_init0_adaptive_confirm,libero_spatial_with_mug,0,0,741649,requery_l1_h8,True,True,0,action_l1
spatial_mug_task0_init0_adaptive_confirm,libero_spatial_with_mug,0,0,741746,requery_l1_h8,False,True,1,action_l1
spatial_mug_task0_init0_adaptive_confirm,libero_spatial_with_mug,0,0,741843,requery_l1_h8,True,True,0,action_l1
spatial_mug_task0_init0_adaptive_confirm,libero_spatial_with_mug,0,0,741940,requery_l1_h8,False,False,0,action_l1
spatial_mug_task0_init0_adaptive_confirm,libero_spatial_with_mug,0,0,742037,requery_l1_h8,True,True,0,action_l1
spatial_mug_task0_init0_adaptive_confirm,libero_spatial_with_mug,0,0,742134,requery_l1_h8,True,True,0,action_l1
spatial_mug_task0_init0_adaptive_confirm,libero_spatial_with_mug,0,0,742231,requery_l1_h8,True,True,0,action_l1
spatial_mug_task0_init0_adaptive_confirm,libero_spatial_with_mug,0,0,742328,requery_l1_h8,True,True,0,action_l1
spatial_mug_task0_init0_adaptive_confirm,libero_spatial_with_mug,0,0,742425,requery_l1_h8,True,True,0,action_l1
spatial_mug_task0_init0_adaptive_confirm,libero_spatial_with_mug,0,0,742522,requery_l1_h8,True,True,0,action_l1
spatial_mug_task0_init0_adaptive_confirm,libero_spatial_with_mug,0,0,742619,requery_l1_h8,True,True,0,action_l1
spatial_mug_task0_init0_adaptive_confirm,libero_spatial_with_mug,0,0,742716,requery_l1_h8,True,True,0,action_l1
spatial_mug_task0_init0_adaptive_confirm,libero_spatial_with_mug,0,0,742813,requery_l1_h8,True,True,0,action_l1
yellow_task8_init0_adaptive_confirm,libero_spatial_with_yellow_book,8,0,720000,action_l1_replay,True,False,-1,action_l1
yellow_task8_init0_adaptive_confirm,libero_spatial_with_yellow_book,8,0,720097,action_l1_replay,False,False,0,action_l1
yellow_task8_init0_adaptive_confirm,libero_spatial_with_yellow_book,8,0,720194,action_l1_replay,True,False,-1,action_l1
yellow_task8_init0_adaptive_confirm,libero_spatial_with_yellow_book,8,0,720291,action_l1_replay,True,True,0,action_l1
yellow_task8_init0_adaptive_confirm,libero_spatial_with_yellow_book,8,0,720388,action_l1_replay,False,True,1,action_l1
yellow_task8_init0_adaptive_confirm,libero_spatial_with_yellow_book,8,0,720485,action_l1_replay,True,True,0,action_l1
yellow_task8_init0_adaptive_confirm,libero_spatial_with_yellow_book,8,0,720582,action_l1_replay,False,False,0,action_l1
yellow_task8_init0_adaptive_confirm,libero_spatial_with_yellow_book,8,0,720679,action_l1_replay,True,True,0,action_l1
yellow_task8_init0_adaptive_confirm,libero_spatial_with_yellow_book,8,0,720776,action_l1_replay,True,False,-1,action_l1
yellow_task8_init0_adaptive_confirm,libero_spatial_with_yellow_book,8,0,720873,action_l1_replay,False,False,0,action_l1
yellow_task8_init0_adaptive_confirm,libero_spatial_with_yellow_book,8,0,720970,action_l1_replay,True,True,0,action_l1
yellow_task8_init0_adaptive_confirm,libero_spatial_with_yellow_book,8,0,721067,action_l1_replay,False,False,0,action_l1
yellow_task8_init0_adaptive_confirm,libero_spatial_with_yellow_book,8,0,721164,action_l1_replay,False,False,0,action_l1
yellow_task8_init0_adaptive_confirm,libero_spatial_with_yellow_book,8,0,721261,action_l1_replay,False,False,0,action_l1
yellow_task8_init0_adaptive_confirm,libero_spatial_with_yellow_book,8,0,721358,action_l1_replay,False,False,0,action_l1
yellow_task8_init0_adaptive_confirm,libero_spatial_with_yellow_book,8,0,721455,action_l1_replay,True,False,-1,action_l1
yellow_task8_init0_adaptive_confirm,libero_spatial_with_yellow_book,8,0,721552,action_l1_replay,True,True,0,action_l1
yellow_task8_init0_adaptive_confirm,libero_spatial_with_yellow_book,8,0,721649,action_l1_replay,True,False,-1,action_l1
yellow_task8_init0_adaptive_confirm,libero_spatial_with_yellow_book,8,0,721746,action_l1_replay,True,True,0,action_l1
yellow_task8_init0_adaptive_confirm,libero_spatial_with_yellow_book,8,0,721843,action_l1_replay,False,False,0,action_l1
yellow_task8_init0_adaptive_confirm,libero_spatial_with_yellow_book,8,0,721940,action_l1_replay,True,False,-1,action_l1
yellow_task8_init0_adaptive_confirm,libero_spatial_with_yellow_book,8,0,722037,action_l1_replay,False,False,0,action_l1
yellow_task8_init0_adaptive_confirm,libero_spatial_with_yellow_book,8,0,722134,action_l1_replay,False,False,0,action_l1
yellow_task8_init0_adaptive_confirm,libero_spatial_with_yellow_book,8,0,722231,action_l1_replay,False,True,1,action_l1
yellow_task8_init0_adaptive_confirm,libero_spatial_with_yellow_book,8,0,722328,action_l1_replay,False,False,0,action_l1
yellow_task8_init0_adaptive_confirm,libero_spatial_with_yellow_book,8,0,722425,action_l1_replay,False,False,0,action_l1
yellow_task8_init0_adaptive_confirm,libero_spatial_with_yellow_book,8,0,722522,action_l1_replay,False,False,0,action_l1
yellow_task8_init0_adaptive_confirm,libero_spatial_with_yellow_book,8,0,722619,action_l1_replay,True,False,-1,action_l1
yellow_task8_init0_adaptive_confirm,libero_spatial_with_yellow_book,8,0,722716,action_l1_replay,False,False,0,action_l1
yellow_task8_init0_adaptive_confirm,libero_spatial_with_yellow_book,8,0,722813,action_l1_replay,False,False,0,action_l1
yellow_task8_init0_adaptive_confirm,libero_spatial_with_yellow_book,8,0,720000,max_value,True,False,-1,action_l1
yellow_task8_init0_adaptive_confirm,libero_spatial_with_yellow_book,8,0,720097,max_value,False,False,0,action_l1
yellow_task8_init0_adaptive_confirm,libero_spatial_with_yellow_book,8,0,720194,max_value,True,False,-1,action_l1
yellow_task8_init0_adaptive_confirm,libero_spatial_with_yellow_book,8,0,720291,max_value,True,True,0,action_l1
yellow_task8_init0_adaptive_confirm,libero_spatial_with_yellow_book,8,0,720388,max_value,False,False,0,action_l1
yellow_task8_init0_adaptive_confirm,libero_spatial_with_yellow_book,8,0,720485,max_value,True,False,-1,action_l1
yellow_task8_init0_adaptive_confirm,libero_spatial_with_yellow_book,8,0,720582,max_value,False,False,0,action_l1
yellow_task8_init0_adaptive_confirm,libero_spatial_with_yellow_book,8,0,720679,max_value,True,True,0,action_l1
yellow_task8_init0_adaptive_confirm,libero_spatial_with_yellow_book,8,0,720776,max_value,True,False,-1,action_l1
yellow_task8_init0_adaptive_confirm,libero_spatial_with_yellow_book,8,0,720873,max_value,False,False,0,action_l1
yellow_task8_init0_adaptive_confirm,libero_spatial_with_yellow_book,8,0,720970,max_value,True,False,-1,action_l1
yellow_task8_init0_adaptive_confirm,libero_spatial_with_yellow_book,8,0,721067,max_value,False,True,1,action_l1
yellow_task8_init0_adaptive_confirm,libero_spatial_with_yellow_book,8,0,721164,max_value,False,False,0,action_l1
yellow_task8_init0_adaptive_confirm,libero_spatial_with_yellow_book,8,0,721261,max_value,False,False,0,action_l1
yellow_task8_init0_adaptive_confirm,libero_spatial_with_yellow_book,8,0,721358,max_value,False,True,1,action_l1
yellow_task8_init0_adaptive_confirm,libero_spatial_with_yellow_book,8,0,721455,max_value,True,True,0,action_l1
yellow_task8_init0_adaptive_confirm,libero_spatial_with_yellow_book,8,0,721552,max_value,True,False,-1,action_l1
yellow_task8_init0_adaptive_confirm,libero_spatial_with_yellow_book,8,0,721649,max_value,True,False,-1,action_l1
yellow_task8_init0_adaptive_confirm,libero_spatial_with_yellow_book,8,0,721746,max_value,True,False,-1,action_l1
yellow_task8_init0_adaptive_confirm,libero_spatial_with_yellow_book,8,0,721843,max_value,False,False,0,action_l1
yellow_task8_init0_adaptive_confirm,libero_spatial_with_yellow_book,8,0,721940,max_value,True,False,-1,action_l1
yellow_task8_init0_adaptive_confirm,libero_spatial_with_yellow_book,8,0,722037,max_value,False,False,0,action_l1
yellow_task8_init0_adaptive_confirm,libero_spatial_with_yellow_book,8,0,722134,max_value,False,False,0,action_l1
yellow_task8_init0_adaptive_confirm,libero_spatial_with_yellow_book,8,0,722231,max_value,False,False,0,action_l1
yellow_task8_init0_adaptive_confirm,libero_spatial_with_yellow_book,8,0,722328,max_value,False,False,0,action_l1
yellow_task8_init0_adaptive_confirm,libero_spatial_with_yellow_book,8,0,722425,max_value,False,True,1,action_l1
yellow_task8_init0_adaptive_confirm,libero_spatial_with_yellow_book,8,0,722522,max_value,False,False,0,action_l1
yellow_task8_init0_adaptive_confirm,libero_spatial_with_yellow_book,8,0,722619,max_value,True,True,0,action_l1
yellow_task8_init0_adaptive_confirm,libero_spatial_with_yellow_book,8,0,722716,max_value,False,False,0,action_l1
yellow_task8_init0_adaptive_confirm,libero_spatial_with_yellow_book,8,0,722813,max_value,False,False,0,action_l1
yellow_task8_init0_adaptive_confirm,libero_spatial_with_yellow_book,8,0,720000,max_value_replay,True,False,-1,action_l1
yellow_task8_init0_adaptive_confirm,libero_spatial_with_yellow_book,8,0,720097,max_value_replay,False,False,0,action_l1
yellow_task8_init0_adaptive_confirm,libero_spatial_with_yellow_book,8,0,720194,max_value_replay,True,False,-1,action_l1
yellow_task8_init0_adaptive_confirm,libero_spatial_with_yellow_book,8,0,720291,max_value_replay,True,True,0,action_l1
yellow_task8_init0_adaptive_confirm,libero_spatial_with_yellow_book,8,0,720388,max_value_replay,False,False,0,action_l1
yellow_task8_init0_adaptive_confirm,libero_spatial_with_yellow_book,8,0,720485,max_value_replay,True,False,-1,action_l1
yellow_task8_init0_adaptive_confirm,libero_spatial_with_yellow_book,8,0,720582,max_value_replay,False,False,0,action_l1
yellow_task8_init0_adaptive_confirm,libero_spatial_with_yellow_book,8,0,720679,max_value_replay,True,True,0,action_l1
yellow_task8_init0_adaptive_confirm,libero_spatial_with_yellow_book,8,0,720776,max_value_replay,True,False,-1,action_l1
yellow_task8_init0_adaptive_confirm,libero_spatial_with_yellow_book,8,0,720873,max_value_replay,False,False,0,action_l1
yellow_task8_init0_adaptive_confirm,libero_spatial_with_yellow_book,8,0,720970,max_value_replay,True,False,-1,action_l1
yellow_task8_init0_adaptive_confirm,libero_spatial_with_yellow_book,8,0,721067,max_value_replay,False,True,1,action_l1
yellow_task8_init0_adaptive_confirm,libero_spatial_with_yellow_book,8,0,721164,max_value_replay,False,False,0,action_l1
yellow_task8_init0_adaptive_confirm,libero_spatial_with_yellow_book,8,0,721261,max_value_replay,False,True,1,action_l1
yellow_task8_init0_adaptive_confirm,libero_spatial_with_yellow_book,8,0,721358,max_value_replay,False,False,0,action_l1
yellow_task8_init0_adaptive_confirm,libero_spatial_with_yellow_book,8,0,721455,max_value_replay,True,True,0,action_l1
yellow_task8_init0_adaptive_confirm,libero_spatial_with_yellow_book,8,0,721552,max_value_replay,True,True,0,action_l1
yellow_task8_init0_adaptive_confirm,libero_spatial_with_yellow_book,8,0,721649,max_value_replay,True,False,-1,action_l1
yellow_task8_init0_adaptive_confirm,libero_spatial_with_yellow_book,8,0,721746,max_value_replay,True,False,-1,action_l1
yellow_task8_init0_adaptive_confirm,libero_spatial_with_yellow_book,8,0,721843,max_value_replay,False,False,0,action_l1
yellow_task8_init0_adaptive_confirm,libero_spatial_with_yellow_book,8,0,721940,max_value_replay,True,False,-1,action_l1
yellow_task8_init0_adaptive_confirm,libero_spatial_with_yellow_book,8,0,722037,max_value_replay,False,False,0,action_l1
yellow_task8_init0_adaptive_confirm,libero_spatial_with_yellow_book,8,0,722134,max_value_replay,False,False,0,action_l1
yellow_task8_init0_adaptive_confirm,libero_spatial_with_yellow_book,8,0,722231,max_value_replay,False,False,0,action_l1
yellow_task8_init0_adaptive_confirm,libero_spatial_with_yellow_book,8,0,722328,max_value_replay,False,False,0,action_l1
yellow_task8_init0_adaptive_confirm,libero_spatial_with_yellow_book,8,0,722425,max_value_replay,False,True,1,action_l1
yellow_task8_init0_adaptive_confirm,libero_spatial_with_yellow_book,8,0,722522,max_value_replay,False,False,0,action_l1
yellow_task8_init0_adaptive_confirm,libero_spatial_with_yellow_book,8,0,722619,max_value_replay,True,True,0,action_l1
yellow_task8_init0_adaptive_confirm,libero_spatial_with_yellow_book,8,0,722716,max_value_replay,False,False,0,action_l1
yellow_task8_init0_adaptive_confirm,libero_spatial_with_yellow_book,8,0,722813,max_value_replay,False,False,0,action_l1
yellow_task8_init0_adaptive_confirm,libero_spatial_with_yellow_book,8,0,720000,phase_l1_r0.3,True,True,0,action_l1
yellow_task8_init0_adaptive_confirm,libero_spatial_with_yellow_book,8,0,720097,phase_l1_r0.3,False,False,0,action_l1
yellow_task8_init0_adaptive_confirm,libero_spatial_with_yellow_book,8,0,720194,phase_l1_r0.3,True,False,-1,action_l1
yellow_task8_init0_adaptive_confirm,libero_spatial_with_yellow_book,8,0,720291,phase_l1_r0.3,True,True,0,action_l1
yellow_task8_init0_adaptive_confirm,libero_spatial_with_yellow_book,8,0,720388,phase_l1_r0.3,False,False,0,action_l1
yellow_task8_init0_adaptive_confirm,libero_spatial_with_yellow_book,8,0,720485,phase_l1_r0.3,True,False,-1,action_l1
yellow_task8_init0_adaptive_confirm,libero_spatial_with_yellow_book,8,0,720582,phase_l1_r0.3,False,False,0,action_l1
yellow_task8_init0_adaptive_confirm,libero_spatial_with_yellow_book,8,0,720679,phase_l1_r0.3,True,True,0,action_l1
yellow_task8_init0_adaptive_confirm,libero_spatial_with_yellow_book,8,0,720776,phase_l1_r0.3,True,False,-1,action_l1
yellow_task8_init0_adaptive_confirm,libero_spatial_with_yellow_book,8,0,720873,phase_l1_r0.3,False,False,0,action_l1
yellow_task8_init0_adaptive_confirm,libero_spatial_with_yellow_book,8,0,720970,phase_l1_r0.3,True,True,0,action_l1
yellow_task8_init0_adaptive_confirm,libero_spatial_with_yellow_book,8,0,721067,phase_l1_r0.3,False,True,1,action_l1
yellow_task8_init0_adaptive_confirm,libero_spatial_with_yellow_book,8,0,721164,phase_l1_r0.3,False,False,0,action_l1
yellow_task8_init0_adaptive_confirm,libero_spatial_with_yellow_book,8,0,721261,phase_l1_r0.3,False,False,0,action_l1
yellow_task8_init0_adaptive_confirm,libero_spatial_with_yellow_book,8,0,721358,phase_l1_r0.3,False,True,1,action_l1
yellow_task8_init0_adaptive_confirm,libero_spatial_with_yellow_book,8,0,721455,phase_l1_r0.3,True,True,0,action_l1
yellow_task8_init0_adaptive_confirm,libero_spatial_with_yellow_book,8,0,721552,phase_l1_r0.3,True,False,-1,action_l1
yellow_task8_init0_adaptive_confirm,libero_spatial_with_yellow_book,8,0,721649,phase_l1_r0.3,True,False,-1,action_l1
yellow_task8_init0_adaptive_confirm,libero_spatial_with_yellow_book,8,0,721746,phase_l1_r0.3,True,True,0,action_l1
yellow_task8_init0_adaptive_confirm,libero_spatial_with_yellow_book,8,0,721843,phase_l1_r0.3,False,False,0,action_l1
yellow_task8_init0_adaptive_confirm,libero_spatial_with_yellow_book,8,0,721940,phase_l1_r0.3,True,True,0,action_l1
yellow_task8_init0_adaptive_confirm,libero_spatial_with_yellow_book,8,0,722037,phase_l1_r0.3,False,False,0,action_l1
yellow_task8_init0_adaptive_confirm,libero_spatial_with_yellow_book,8,0,722134,phase_l1_r0.3,False,False,0,action_l1
yellow_task8_init0_adaptive_confirm,libero_spatial_with_yellow_book,8,0,722231,phase_l1_r0.3,False,False,0,action_l1
yellow_task8_init0_adaptive_confirm,libero_spatial_with_yellow_book,8,0,722328,phase_l1_r0.3,False,False,0,action_l1
yellow_task8_init0_adaptive_confirm,libero_spatial_with_yellow_book,8,0,722425,phase_l1_r0.3,False,True,1,action_l1
yellow_task8_init0_adaptive_confirm,libero_spatial_with_yellow_book,8,0,722522,phase_l1_r0.3,False,True,1,action_l1
yellow_task8_init0_adaptive_confirm,libero_spatial_with_yellow_book,8,0,722619,phase_l1_r0.3,True,True,0,action_l1
yellow_task8_init0_adaptive_confirm,libero_spatial_with_yellow_book,8,0,722716,phase_l1_r0.3,False,False,0,action_l1
yellow_task8_init0_adaptive_confirm,libero_spatial_with_yellow_book,8,0,722813,phase_l1_r0.3,False,False,0,action_l1
yellow_task8_init0_adaptive_confirm,libero_spatial_with_yellow_book,8,0,720000,requery_l1_h8,True,True,0,action_l1
yellow_task8_init0_adaptive_confirm,libero_spatial_with_yellow_book,8,0,720097,requery_l1_h8,False,True,1,action_l1
yellow_task8_init0_adaptive_confirm,libero_spatial_with_yellow_book,8,0,720194,requery_l1_h8,True,True,0,action_l1
yellow_task8_init0_adaptive_confirm,libero_spatial_with_yellow_book,8,0,720291,requery_l1_h8,True,True,0,action_l1
yellow_task8_init0_adaptive_confirm,libero_spatial_with_yellow_book,8,0,720388,requery_l1_h8,False,True,1,action_l1
yellow_task8_init0_adaptive_confirm,libero_spatial_with_yellow_book,8,0,720485,requery_l1_h8,True,True,0,action_l1
yellow_task8_init0_adaptive_confirm,libero_spatial_with_yellow_book,8,0,720582,requery_l1_h8,False,False,0,action_l1
yellow_task8_init0_adaptive_confirm,libero_spatial_with_yellow_book,8,0,720679,requery_l1_h8,True,True,0,action_l1
yellow_task8_init0_adaptive_confirm,libero_spatial_with_yellow_book,8,0,720776,requery_l1_h8,True,False,-1,action_l1
yellow_task8_init0_adaptive_confirm,libero_spatial_with_yellow_book,8,0,720873,requery_l1_h8,False,False,0,action_l1
yellow_task8_init0_adaptive_confirm,libero_spatial_with_yellow_book,8,0,720970,requery_l1_h8,True,True,0,action_l1
yellow_task8_init0_adaptive_confirm,libero_spatial_with_yellow_book,8,0,721067,requery_l1_h8,False,True,1,action_l1
yellow_task8_init0_adaptive_confirm,libero_spatial_with_yellow_book,8,0,721164,requery_l1_h8,False,False,0,action_l1
yellow_task8_init0_adaptive_confirm,libero_spatial_with_yellow_book,8,0,721261,requery_l1_h8,False,False,0,action_l1
yellow_task8_init0_adaptive_confirm,libero_spatial_with_yellow_book,8,0,721358,requery_l1_h8,False,True,1,action_l1
yellow_task8_init0_adaptive_confirm,libero_spatial_with_yellow_book,8,0,721455,requery_l1_h8,True,False,-1,action_l1
yellow_task8_init0_adaptive_confirm,libero_spatial_with_yellow_book,8,0,721552,requery_l1_h8,True,True,0,action_l1
yellow_task8_init0_adaptive_confirm,libero_spatial_with_yellow_book,8,0,721649,requery_l1_h8,True,True,0,action_l1
yellow_task8_init0_adaptive_confirm,libero_spatial_with_yellow_book,8,0,721746,requery_l1_h8,True,True,0,action_l1
yellow_task8_init0_adaptive_confirm,libero_spatial_with_yellow_book,8,0,721843,requery_l1_h8,False,False,0,action_l1
yellow_task8_init0_adaptive_confirm,libero_spatial_with_yellow_book,8,0,721940,requery_l1_h8,True,True,0,action_l1
yellow_task8_init0_adaptive_confirm,libero_spatial_with_yellow_book,8,0,722037,requery_l1_h8,False,True,1,action_l1
yellow_task8_init0_adaptive_confirm,libero_spatial_with_yellow_book,8,0,722134,requery_l1_h8,False,True,1,action_l1
yellow_task8_init0_adaptive_confirm,libero_spatial_with_yellow_book,8,0,722231,requery_l1_h8,False,True,1,action_l1
yellow_task8_init0_adaptive_confirm,libero_spatial_with_yellow_book,8,0,722328,requery_l1_h8,False,True,1,action_l1
yellow_task8_init0_adaptive_confirm,libero_spatial_with_yellow_book,8,0,722425,requery_l1_h8,False,True,1,action_l1
yellow_task8_init0_adaptive_confirm,libero_spatial_with_yellow_book,8,0,722522,requery_l1_h8,False,True,1,action_l1
yellow_task8_init0_adaptive_confirm,libero_spatial_with_yellow_book,8,0,722619,requery_l1_h8,True,False,-1,action_l1
yellow_task8_init0_adaptive_confirm,libero_spatial_with_yellow_book,8,0,722716,requery_l1_h8,False,False,0,action_l1
yellow_task8_init0_adaptive_confirm,libero_spatial_with_yellow_book,8,0,722813,requery_l1_h8,False,True,1,action_l1
