case_id,suite,task_id,init_state_id,rollout_seed,success_reference,success_replay,reference_id,replay_id,outcome_disagreement,q0_candidate_value_max_abs_diff
goal_mug_task9_init0_adaptive_confirm,libero_goal_with_mug,9,0,760000,True,True,max_value,max_value_replay,False,0.0
goal_mug_task9_init0_adaptive_confirm,libero_goal_with_mug,9,0,760097,True,True,max_value,max_value_replay,False,0.0
goal_mug_task9_init0_adaptive_confirm,libero_goal_with_mug,9,0,760194,True,True,max_value,max_value_replay,False,0.0
goal_mug_task9_init0_adaptive_confirm,libero_goal_with_mug,9,0,760291,True,True,max_value,max_value_replay,False,0.0
goal_mug_task9_init0_adaptive_confirm,libero_goal_with_mug,9,0,760388,False,False,max_value,max_value_replay,False,0.0
goal_mug_task9_init0_adaptive_confirm,libero_goal_with_mug,9,0,760485,True,True,max_value,max_value_replay,False,0.0
goal_mug_task9_init0_adaptive_confirm,libero_goal_with_mug,9,0,760582,True,True,max_value,max_value_replay,False,0.0
goal_mug_task9_init0_adaptive_confirm,libero_goal_with_mug,9,0,760679,True,True,max_value,max_value_replay,False,0.0
goal_mug_task9_init0_adaptive_confirm,libero_goal_with_mug,9,0,760776,True,True,max_value,max_value_replay,False,0.0
goal_mug_task9_init0_adaptive_confirm,libero_goal_with_mug,9,0,760873,True,True,max_value,max_value_replay,False,0.0
goal_mug_task9_init0_adaptive_confirm,libero_goal_with_mug,9,0,760970,True,True,max_value,max_value_replay,False,0.0
goal_mug_task9_init0_adaptive_confirm,libero_goal_with_mug,9,0,761067,True,True,max_value,max_value_replay,False,0.0
goal_mug_task9_init0_adaptive_confirm,libero_goal_with_mug,9,0,761164,True,True,max_value,max_value_replay,False,0.0
goal_mug_task9_init0_adaptive_confirm,libero_goal_with_mug,9,0,761261,True,True,max_value,max_value_replay,False,0.0
goal_mug_task9_init0_adaptive_confirm,libero_goal_with_mug,9,0,761358,True,True,max_value,max_value_replay,False,0.0
goal_mug_task9_init0_adaptive_confirm,libero_goal_with_mug,9,0,761455,True,True,max_value,max_value_replay,False,0.0
goal_mug_task9_init0_adaptive_confirm,libero_goal_with_mug,9,0,761552,False,False,max_value,max_value_replay,False,0.0
goal_mug_task9_init0_adaptive_confirm,libero_goal_with_mug,9,0,761649,True,True,max_value,max_value_replay,False,0.0
goal_mug_task9_init0_adaptive_confirm,libero_goal_with_mug,9,0,761746,True,True,max_value,max_value_replay,False,0.0
goal_mug_task9_init0_adaptive_confirm,libero_goal_with_mug,9,0,761843,True,True,max_value,max_value_replay,False,0.0
goal_mug_task9_init0_adaptive_confirm,libero_goal_with_mug,9,0,761940,True,True,max_value,max_value_replay,False,0.0
goal_mug_task9_init0_adaptive_confirm,libero_goal_with_mug,9,0,762037,True,True,max_value,max_value_replay,False,0.0
goal_mug_task9_init0_adaptive_confirm,libero_goal_with_mug,9,0,762134,True,True,max_value,max_value_replay,False,0.0
goal_mug_task9_init0_adaptive_confirm,libero_goal_with_mug,9,0,762231,True,True,max_value,max_value_replay,False,0.0
goal_mug_task9_init0_adaptive_confirm,libero_goal_with_mug,9,0,762328,True,True,max_value,max_value_replay,False,0.0
goal_mug_task9_init0_adaptive_confirm,libero_goal_with_mug,9,0,762425,True,True,max_value,max_value_replay,False,0.0
goal_mug_task9_init0_adaptive_confirm,libero_goal_with_mug,9,0,762522,True,True,max_value,max_value_replay,False,0.0
goal_mug_task9_init0_adaptive_confirm,libero_goal_with_mug,9,0,762619,True,True,max_value,max_value_replay,False,0.0
goal_mug_task9_init0_adaptive_confirm,libero_goal_with_mug,9,0,762716,True,True,max_value,max_value_replay,False,0.0
goal_mug_task9_init0_adaptive_confirm,libero_goal_with_mug,9,0,762813,True,True,max_value,max_value_replay,False,0.0
long_milk_task9_init0_adaptive_confirm,libero_10_with_milk,9,0,750000,False,False,max_value,max_value_replay,False,0.0
long_milk_task9_init0_adaptive_confirm,libero_10_with_milk,9,0,750097,False,False,max_value,max_value_replay,False,0.0
long_milk_task9_init0_adaptive_confirm,libero_10_with_milk,9,0,750194,True,True,max_value,max_value_replay,False,0.0
long_milk_task9_init0_adaptive_confirm,libero_10_with_milk,9,0,750291,True,True,max_value,max_value_replay,False,0.0
long_milk_task9_init0_adaptive_confirm,libero_10_with_milk,9,0,750388,False,False,max_value,max_value_replay,False,0.0
long_milk_task9_init0_adaptive_confirm,libero_10_with_milk,9,0,750485,False,False,max_value,max_value_replay,False,0.0
long_milk_task9_init0_adaptive_confirm,libero_10_with_milk,9,0,750582,True,True,max_value,max_value_replay,False,0.0
long_milk_task9_init0_adaptive_confirm,libero_10_with_milk,9,0,750679,True,True,max_value,max_value_replay,False,0.0
long_milk_task9_init0_adaptive_confirm,libero_10_with_milk,9,0,750776,False,False,max_value,max_value_replay,False,0.0
long_milk_task9_init0_adaptive_confirm,libero_10_with_milk,9,0,750873,True,True,max_value,max_value_replay,False,0.0
long_milk_task9_init0_adaptive_confirm,libero_10_with_milk,9,0,750970,True,True,max_value,max_value_replay,False,0.0
long_milk_task9_init0_adaptive_confirm,libero_10_with_milk,9,0,751067,True,True,max_value,max_value_replay,False,0.0
long_milk_task9_init0_adaptive_confirm,libero_10_with_milk,9,0,751164,True,True,max_value,max_value_replay,False,0.0
long_milk_task9_init0_adaptive_confirm,libero_10_with_milk,9,0,751261,True,True,max_value,max_value_replay,False,0.0
long_milk_task9_init0_adaptive_confirm,libero_10_with_milk,9,0,751358,True,True,max_value,max_value_replay,False,0.0
long_milk_task9_init0_adaptive_confirm,libero_10_with_milk,9,0,751455,True,True,max_value,max_value_replay,False,0.0
long_milk_task9_init0_adaptive_confirm,libero_10_with_milk,9,0,751552,True,True,max_value,max_value_replay,False,0.0
long_milk_task9_init0_adaptive_confirm,libero_10_with_milk,9,0,751649,True,True,max_value,max_value_replay,False,0.0
long_milk_task9_init0_adaptive_confirm,libero_10_with_milk,9,0,751746,False,False,max_value,max_value_replay,False,0.0
long_milk_task9_init0_adaptive_confirm,libero_10_with_milk,9,0,751843,True,True,max_value,max_value_replay,False,0.0
long_milk_task9_init0_adaptive_confirm,libero_10_with_milk,9,0,751940,True,True,max_value,max_value_replay,False,0.0
long_milk_task9_init0_adaptive_confirm,libero_10_with_milk,9,0,752037,True,True,max_value,max_value_replay,False,0.0
long_milk_task9_init0_adaptive_confirm,libero_10_with_milk,9,0,752134,True,True,max_value,max_value_replay,False,0.0
long_milk_task9_init0_adaptive_confirm,libero_10_with_milk,9,0,752231,True,True,max_value,max_value_replay,False,0.0
long_milk_task9_init0_adaptive_confirm,libero_10_with_milk,9,0,752328,False,False,max_value,max_value_replay,False,0.0
long_milk_task9_init0_adaptive_confirm,libero_10_with_milk,9,0,752425,False,False,max_value,max_value_replay,False,0.0
long_milk_task9_init0_adaptive_confirm,libero_10_with_milk,9,0,752522,True,True,max_value,max_value_replay,False,0.0
long_milk_task9_init0_adaptive_confirm,libero_10_with_milk,9,0,752619,True,True,max_value,max_value_replay,False,0.0
long_milk_task9_init0_adaptive_confirm,libero_10_with_milk,9,0,752716,True,True,max_value,max_value_replay,False,0.0
long_milk_task9_init0_adaptive_confirm,libero_10_with_milk,9,0,752813,False,False,max_value,max_value_replay,False,0.0
spatial_mug_task0_init0_adaptive_confirm,libero_spatial_with_mug,0,0,740000,True,True,max_value,max_value_replay,False,0.0
spatial_mug_task0_init0_adaptive_confirm,libero_spatial_with_mug,0,0,740097,True,True,max_value,max_value_replay,False,0.0
spatial_mug_task0_init0_adaptive_confirm,libero_spatial_with_mug,0,0,740194,True,True,max_value,max_value_replay,False,0.0
spatial_mug_task0_init0_adaptive_confirm,libero_spatial_with_mug,0,0,740291,True,True,max_value,max_value_replay,False,0.0
spatial_mug_task0_init0_adaptive_confirm,libero_spatial_with_mug,0,0,740388,True,True,max_value,max_value_replay,False,0.0
spatial_mug_task0_init0_adaptive_confirm,libero_spatial_with_mug,0,0,740485,True,True,max_value,max_value_replay,False,0.0
spatial_mug_task0_init0_adaptive_confirm,libero_spatial_with_mug,0,0,740582,False,False,max_value,max_value_replay,False,0.0
spatial_mug_task0_init0_adaptive_confirm,libero_spatial_with_mug,0,0,740679,True,True,max_value,max_value_replay,False,0.0
spatial_mug_task0_init0_adaptive_confirm,libero_spatial_with_mug,0,0,740776,True,True,max_value,max_value_replay,False,0.0
spatial_mug_task0_init0_adaptive_confirm,libero_spatial_with_mug,0,0,740873,True,True,max_value,max_value_replay,False,0.0
spatial_mug_task0_init0_adaptive_confirm,libero_spatial_with_mug,0,0,740970,True,True,max_value,max_value_replay,False,0.0
spatial_mug_task0_init0_adaptive_confirm,libero_spatial_with_mug,0,0,741067,True,True,max_value,max_value_replay,False,0.0
spatial_mug_task0_init0_adaptive_confirm,libero_spatial_with_mug,0,0,741164,False,False,max_value,max_value_replay,False,0.0
spatial_mug_task0_init0_adaptive_confirm,libero_spatial_with_mug,0,0,741261,True,True,max_value,max_value_replay,False,0.0
spatial_mug_task0_init0_adaptive_confirm,libero_spatial_with_mug,0,0,741358,True,True,max_value,max_value_replay,False,0.0
spatial_mug_task0_init0_adaptive_confirm,libero_spatial_with_mug,0,0,741455,False,False,max_value,max_value_replay,False,0.0
spatial_mug_task0_init0_adaptive_confirm,libero_spatial_with_mug,0,0,741552,False,False,max_value,max_value_replay,False,0.0
spatial_mug_task0_init0_adaptive_confirm,libero_spatial_with_mug,0,0,741649,True,True,max_value,max_value_replay,False,0.0
spatial_mug_task0_init0_adaptive_confirm,libero_spatial_with_mug,0,0,741746,True,True,max_value,max_value_replay,False,0.0
spatial_mug_task0_init0_adaptive_confirm,libero_spatial_with_mug,0,0,741843,True,True,max_value,max_value_replay,False,0.0
spatial_mug_task0_init0_adaptive_confirm,libero_spatial_with_mug,0,0,741940,False,False,max_value,max_value_replay,False,0.0
spatial_mug_task0_init0_adaptive_confirm,libero_spatial_with_mug,0,0,742037,True,True,max_value,max_value_replay,False,0.0
spatial_mug_task0_init0_adaptive_confirm,libero_spatial_with_mug,0,0,742134,True,True,max_value,max_value_replay,False,0.0
spatial_mug_task0_init0_adaptive_confirm,libero_spatial_with_mug,0,0,742231,True,True,max_value,max_value_replay,False,0.0
spatial_mug_task0_init0_adaptive_confirm,libero_spatial_with_mug,0,0,742328,True,True,max_value,max_value_replay,False,0.0
spatial_mug_task0_init0_adaptive_confirm,libero_spatial_with_mug,0,0,742425,True,True,max_value,max_value_replay,False,0.0
spatial_mug_task0_init0_adaptive_confirm,libero_spatial_with_mug,0,0,742522,True,True,max_value,max_value_replay,False,0.0
spatial_mug_task0_init0_adaptive_confirm,libero_spatial_with_mug,0,0,742619,False,False,max_value,max_value_replay,False,0.0
spatial_mug_task0_init0_adaptive_confirm,libero_spatial_with_mug,0,0,742716,False,False,max_value,max_value_replay,False,0.0
spatial_mug_task0_init0_adaptive_confirm,libero_spatial_with_mug,0,0,742813,False,False,max_value,max_value_replay,False,0.0
long_mug_task4_init0_adaptive_confirm,libero_10_with_mug,4,0,730000,False,False,max_value,max_value_replay,False,0.0
long_mug_task4_init0_adaptive_confirm,libero_10_with_mug,4,0,730097,True,True,max_value,max_value_replay,False,0.0
long_mug_task4_init0_adaptive_confirm,libero_10_with_mug,4,0,730194,True,True,max_value,max_value_replay,False,0.0
long_mug_task4_init0_adaptive_confirm,libero_10_with_mug,4,0,730291,True,True,max_value,max_value_replay,False,0.0
long_mug_task4_init0_adaptive_confirm,libero_10_with_mug,4,0,730388,True,True,max_value,max_value_replay,False,0.0
long_mug_task4_init0_adaptive_confirm,libero_10_with_mug,4,0,730485,True,True,max_value,max_value_replay,False,0.0
long_mug_task4_init0_adaptive_confirm,libero_10_with_mug,4,0,730582,True,True,max_value,max_value_replay,False,0.0
long_mug_task4_init0_adaptive_confirm,libero_10_with_mug,4,0,730679,True,True,max_value,max_value_replay,False,0.0
long_mug_task4_init0_adaptive_confirm,libero_10_with_mug,4,0,730776,False,False,max_value,max_value_replay,False,0.0
long_mug_task4_init0_adaptive_confirm,libero_10_with_mug,4,0,730873,True,True,max_value,max_value_replay,False,0.0
long_mug_task4_init0_adaptive_confirm,libero_10_with_mug,4,0,730970,True,True,max_value,max_value_replay,False,0.0
long_mug_task4_init0_adaptive_confirm,libero_10_with_mug,4,0,731067,True,True,max_value,max_value_replay,False,0.0
long_mug_task4_init0_adaptive_confirm,libero_10_with_mug,4,0,731164,True,True,max_value,max_value_replay,False,0.0
long_mug_task4_init0_adaptive_confirm,libero_10_with_mug,4,0,731261,True,True,max_value,max_value_replay,False,0.0
long_mug_task4_init0_adaptive_confirm,libero_10_with_mug,4,0,731358,True,True,max_value,max_value_replay,False,0.0
long_mug_task4_init0_adaptive_confirm,libero_10_with_mug,4,0,731455,False,False,max_value,max_value_replay,False,0.0
long_mug_task4_init0_adaptive_confirm,libero_10_with_mug,4,0,731552,False,False,max_value,max_value_replay,False,0.0
long_mug_task4_init0_adaptive_confirm,libero_10_with_mug,4,0,731649,True,True,max_value,max_value_replay,False,0.0
long_mug_task4_init0_adaptive_confirm,libero_10_with_mug,4,0,731746,True,True,max_value,max_value_replay,False,0.0
long_mug_task4_init0_adaptive_confirm,libero_10_with_mug,4,0,731843,True,True,max_value,max_value_replay,False,0.0
long_mug_task4_init0_adaptive_confirm,libero_10_with_mug,4,0,731940,True,True,max_value,max_value_replay,False,0.0
long_mug_task4_init0_adaptive_confirm,libero_10_with_mug,4,0,732037,False,False,max_value,max_value_replay,False,0.0
long_mug_task4_init0_adaptive_confirm,libero_10_with_mug,4,0,732134,True,True,max_value,max_value_replay,False,0.0
long_mug_task4_init0_adaptive_confirm,libero_10_with_mug,4,0,732231,True,True,max_value,max_value_replay,False,0.0
long_mug_task4_init0_adaptive_confirm,libero_10_with_mug,4,0,732328,True,True,max_value,max_value_replay,False,0.0
long_mug_task4_init0_adaptive_confirm,libero_10_with_mug,4,0,732425,False,False,max_value,max_value_replay,False,0.0
long_mug_task4_init0_adaptive_confirm,libero_10_with_mug,4,0,732522,True,True,max_value,max_value_replay,False,0.0
long_mug_task4_init0_adaptive_confirm,libero_10_with_mug,4,0,732619,False,False,max_value,max_value_replay,False,0.0
long_mug_task4_init0_adaptive_confirm,libero_10_with_mug,4,0,732716,True,True,max_value,max_value_replay,False,0.0
long_mug_task4_init0_adaptive_confirm,libero_10_with_mug,4,0,732813,True,True,max_value,max_value_replay,False,0.0
milk_task5_init0_adaptive_confirm,libero_spatial_with_milk,5,0,710000,False,False,max_value,max_value_replay,False,0.00018224120140075684
milk_task5_init0_adaptive_confirm,libero_spatial_with_milk,5,0,710097,True,True,max_value,max_value_replay,False,0.00022333860397338867
milk_task5_init0_adaptive_confirm,libero_spatial_with_milk,5,0,710194,True,True,max_value,max_value_replay,False,0.000682830810546875
milk_task5_init0_adaptive_confirm,libero_spatial_with_milk,5,0,710291,True,False,max_value,max_value_replay,True,0.0003553330898284912
milk_task5_init0_adaptive_confirm,libero_spatial_with_milk,5,0,710388,False,False,max_value,max_value_replay,False,0.0003899037837982178
milk_task5_init0_adaptive_confirm,libero_spatial_with_milk,5,0,710485,True,True,max_value,max_value_replay,False,0.0005659162998199463
milk_task5_init0_adaptive_confirm,libero_spatial_with_milk,5,0,710582,False,False,max_value,max_value_replay,False,0.000505298376083374
milk_task5_init0_adaptive_confirm,libero_spatial_with_milk,5,0,710679,False,False,max_value,max_value_replay,False,0.00019425153732299805
milk_task5_init0_adaptive_confirm,libero_spatial_with_milk,5,0,710776,False,False,max_value,max_value_replay,False,0.0005714297294616699
milk_task5_init0_adaptive_confirm,libero_spatial_with_milk,5,0,710873,False,False,max_value,max_value_replay,False,0.0005972981452941895
milk_task5_init0_adaptive_confirm,libero_spatial_with_milk,5,0,710970,True,True,max_value,max_value_replay,False,0.0004137754440307617
milk_task5_init0_adaptive_confirm,libero_spatial_with_milk,5,0,711067,False,True,max_value,max_value_replay,True,0.0003097057342529297
milk_task5_init0_adaptive_confirm,libero_spatial_with_milk,5,0,711164,True,False,max_value,max_value_replay,True,0.00024238228797912598
milk_task5_init0_adaptive_confirm,libero_spatial_with_milk,5,0,711261,False,False,max_value,max_value_replay,False,0.0004194974899291992
milk_task5_init0_adaptive_confirm,libero_spatial_with_milk,5,0,711358,True,True,max_value,max_value_replay,False,0.00040140748023986816
milk_task5_init0_adaptive_confirm,libero_spatial_with_milk,5,0,711455,True,True,max_value,max_value_replay,False,5.894899368286133e-05
milk_task5_init0_adaptive_confirm,libero_spatial_with_milk,5,0,711552,True,True,max_value,max_value_replay,False,0.00041025876998901367
milk_task5_init0_adaptive_confirm,libero_spatial_with_milk,5,0,711649,True,True,max_value,max_value_replay,False,0.00025331974029541016
milk_task5_init0_adaptive_confirm,libero_spatial_with_milk,5,0,711746,False,True,max_value,max_value_replay,True,0.0004996657371520996
milk_task5_init0_adaptive_confirm,libero_spatial_with_milk,5,0,711843,True,True,max_value,max_value_replay,False,0.00029036402702331543
milk_task5_init0_adaptive_confirm,libero_spatial_with_milk,5,0,711940,False,True,max_value,max_value_replay,True,0.0005607306957244873
milk_task5_init0_adaptive_confirm,libero_spatial_with_milk,5,0,712037,False,False,max_value,max_value_replay,False,0.00017431378364562988
milk_task5_init0_adaptive_confirm,libero_spatial_with_milk,5,0,712134,True,True,max_value,max_value_replay,False,0.0002301335334777832
milk_task5_init0_adaptive_confirm,libero_spatial_with_milk,5,0,712231,True,True,max_value,max_value_replay,False,0.0001887679100036621
milk_task5_init0_adaptive_confirm,libero_spatial_with_milk,5,0,712328,False,False,max_value,max_value_replay,False,0.0002548396587371826
milk_task5_init0_adaptive_confirm,libero_spatial_with_milk,5,0,712425,False,False,max_value,max_value_replay,False,0.00035509467124938965
milk_task5_init0_adaptive_confirm,libero_spatial_with_milk,5,0,712522,True,True,max_value,max_value_replay,False,0.0005482733249664307
milk_task5_init0_adaptive_confirm,libero_spatial_with_milk,5,0,712619,False,False,max_value,max_value_replay,False,0.00020685791969299316
milk_task5_init0_adaptive_confirm,libero_spatial_with_milk,5,0,712716,False,False,max_value,max_value_replay,False,0.0002557039260864258
milk_task5_init0_adaptive_confirm,libero_spatial_with_milk,5,0,712813,False,False,max_value,max_value_replay,False,0.00024271011352539062
yellow_task8_init0_adaptive_confirm,libero_spatial_with_yellow_book,8,0,720000,False,False,max_value,max_value_replay,False,0.000438004732131958
yellow_task8_init0_adaptive_confirm,libero_spatial_with_yellow_book,8,0,720097,False,False,max_value,max_value_replay,False,0.00032952427864074707
yellow_task8_init0_adaptive_confirm,libero_spatial_with_yellow_book,8,0,720194,False,False,max_value,max_value_replay,False,0.0005349516868591309
yellow_task8_init0_adaptive_confirm,libero_spatial_with_yellow_book,8,0,720291,True,True,max_value,max_value_replay,False,0.0009947717189788818
yellow_task8_init0_adaptive_confirm,libero_spatial_with_yellow_book,8,0,720388,False,False,max_value,max_value_replay,False,0.0004661679267883301
yellow_task8_init0_adaptive_confirm,libero_spatial_with_yellow_book,8,0,720485,False,False,max_value,max_value_replay,False,0.0006310343742370605
yellow_task8_init0_adaptive_confirm,libero_spatial_with_yellow_book,8,0,720582,False,False,max_value,max_value_replay,False,0.0009563267230987549
yellow_task8_init0_adaptive_confirm,libero_spatial_with_yellow_book,8,0,720679,True,True,max_value,max_value_replay,False,0.0007458031177520752
yellow_task8_init0_adaptive_confirm,libero_spatial_with_yellow_book,8,0,720776,False,False,max_value,max_value_replay,False,0.0010318756103515625
yellow_task8_init0_adaptive_confirm,libero_spatial_with_yellow_book,8,0,720873,False,False,max_value,max_value_replay,False,0.00027689337730407715
yellow_task8_init0_adaptive_confirm,libero_spatial_with_yellow_book,8,0,720970,False,False,max_value,max_value_replay,False,0.0010689198970794678
yellow_task8_init0_adaptive_confirm,libero_spatial_with_yellow_book,8,0,721067,True,True,max_value,max_value_replay,False,0.00035056471824645996
yellow_task8_init0_adaptive_confirm,libero_spatial_with_yellow_book,8,0,721164,False,False,max_value,max_value_replay,False,0.0004646778106689453
yellow_task8_init0_adaptive_confirm,libero_spatial_with_yellow_book,8,0,721261,False,True,max_value,max_value_replay,True,0.0009846091270446777
yellow_task8_init0_adaptive_confirm,libero_spatial_with_yellow_book,8,0,721358,True,False,max_value,max_value_replay,True,0.0013910531997680664
yellow_task8_init0_adaptive_confirm,libero_spatial_with_yellow_book,8,0,721455,True,True,max_value,max_value_replay,False,0.0008920431137084961
yellow_task8_init0_adaptive_confirm,libero_spatial_with_yellow_book,8,0,721552,False,True,max_value,max_value_replay,True,0.0009812712669372559
yellow_task8_init0_adaptive_confirm,libero_spatial_with_yellow_book,8,0,721649,False,False,max_value,max_value_replay,False,0.0012019872665405273
yellow_task8_init0_adaptive_confirm,libero_spatial_with_yellow_book,8,0,721746,False,False,max_value,max_value_replay,False,0.0008122622966766357
yellow_task8_init0_adaptive_confirm,libero_spatial_with_yellow_book,8,0,721843,False,False,max_value,max_value_replay,False,0.0005877912044525146
yellow_task8_init0_adaptive_confirm,libero_spatial_with_yellow_book,8,0,721940,False,False,max_value,max_value_replay,False,0.0016879737377166748
yellow_task8_init0_adaptive_confirm,libero_spatial_with_yellow_book,8,0,722037,False,False,max_value,max_value_replay,False,0.0009356141090393066
yellow_task8_init0_adaptive_confirm,libero_spatial_with_yellow_book,8,0,722134,False,False,max_value,max_value_replay,False,0.0015395879745483398
yellow_task8_init0_adaptive_confirm,libero_spatial_with_yellow_book,8,0,722231,False,False,max_value,max_value_replay,False,0.000482022762298584
yellow_task8_init0_adaptive_confirm,libero_spatial_with_yellow_book,8,0,722328,False,False,max_value,max_value_replay,False,0.0007444024085998535
yellow_task8_init0_adaptive_confirm,libero_spatial_with_yellow_book,8,0,722425,True,True,max_value,max_value_replay,False,0.0008723735809326172
yellow_task8_init0_adaptive_confirm,libero_spatial_with_yellow_book,8,0,722522,False,False,max_value,max_value_replay,False,0.0009270906448364258
yellow_task8_init0_adaptive_confirm,libero_spatial_with_yellow_book,8,0,722619,True,True,max_value,max_value_replay,False,0.001276463270187378
yellow_task8_init0_adaptive_confirm,libero_spatial_with_yellow_book,8,0,722716,False,False,max_value,max_value_replay,False,0.0017789900302886963
yellow_task8_init0_adaptive_confirm,libero_spatial_with_yellow_book,8,0,722813,False,False,max_value,max_value_replay,False,0.0011820495128631592
goal_mug_task9_init0_adaptive_confirm,libero_goal_with_mug,9,0,760000,False,False,action_l1,action_l1_replay,False,0.0
goal_mug_task9_init0_adaptive_confirm,libero_goal_with_mug,9,0,760097,True,True,action_l1,action_l1_replay,False,0.0
goal_mug_task9_init0_adaptive_confirm,libero_goal_with_mug,9,0,760194,True,True,action_l1,action_l1_replay,False,0.0
goal_mug_task9_init0_adaptive_confirm,libero_goal_with_mug,9,0,760291,True,True,action_l1,action_l1_replay,False,0.0
goal_mug_task9_init0_adaptive_confirm,libero_goal_with_mug,9,0,760388,False,False,action_l1,action_l1_replay,False,0.0
goal_mug_task9_init0_adaptive_confirm,libero_goal_with_mug,9,0,760485,True,True,action_l1,action_l1_replay,False,0.0
goal_mug_task9_init0_adaptive_confirm,libero_goal_with_mug,9,0,760582,True,True,action_l1,action_l1_replay,False,0.0
goal_mug_task9_init0_adaptive_confirm,libero_goal_with_mug,9,0,760679,True,True,action_l1,action_l1_replay,False,0.0
goal_mug_task9_init0_adaptive_confirm,libero_goal_with_mug,9,0,760776,True,True,action_l1,action_l1_replay,False,0.0
goal_mug_task9_init0_adaptive_confirm,libero_goal_with_mug,9,0,760873,True,True,action_l1,action_l1_replay,False,0.0
goal_mug_task9_init0_adaptive_confirm,libero_goal_with_mug,9,0,760970,True,True,action_l1,action_l1_replay,False,0.0
goal_mug_task9_init0_adaptive_confirm,libero_goal_with_mug,9,0,761067,True,True,action_l1,action_l1_replay,False,0.0
goal_mug_task9_init0_adaptive_confirm,libero_goal_with_mug,9,0,761164,True,True,action_l1,action_l1_replay,False,0.0
goal_mug_task9_init0_adaptive_confirm,libero_goal_with_mug,9,0,761261,True,True,action_l1,action_l1_replay,False,0.0
goal_mug_task9_init0_adaptive_confirm,libero_goal_with_mug,9,0,761358,True,True,action_l1,action_l1_replay,False,0.0
goal_mug_task9_init0_adaptive_confirm,libero_goal_with_mug,9,0,761455,True,True,action_l1,action_l1_replay,False,0.0
goal_mug_task9_init0_adaptive_confirm,libero_goal_with_mug,9,0,761552,True,True,action_l1,action_l1_replay,False,0.0
goal_mug_task9_init0_adaptive_confirm,libero_goal_with_mug,9,0,761649,True,True,action_l1,action_l1_replay,False,0.0
goal_mug_task9_init0_adaptive_confirm,libero_goal_with_mug,9,0,761746,True,True,action_l1,action_l1_replay,False,0.0
goal_mug_task9_init0_adaptive_confirm,libero_goal_with_mug,9,0,761843,True,True,action_l1,action_l1_replay,False,0.0
goal_mug_task9_init0_adaptive_confirm,libero_goal_with_mug,9,0,761940,True,True,action_l1,action_l1_replay,False,0.0
goal_mug_task9_init0_adaptive_confirm,libero_goal_with_mug,9,0,762037,True,True,action_l1,action_l1_replay,False,0.0
goal_mug_task9_init0_adaptive_confirm,libero_goal_with_mug,9,0,762134,True,True,action_l1,action_l1_replay,False,0.0
goal_mug_task9_init0_adaptive_confirm,libero_goal_with_mug,9,0,762231,False,False,action_l1,action_l1_replay,False,0.0
goal_mug_task9_init0_adaptive_confirm,libero_goal_with_mug,9,0,762328,True,True,action_l1,action_l1_replay,False,0.0
goal_mug_task9_init0_adaptive_confirm,libero_goal_with_mug,9,0,762425,True,True,action_l1,action_l1_replay,False,0.0
goal_mug_task9_init0_adaptive_confirm,libero_goal_with_mug,9,0,762522,True,True,action_l1,action_l1_replay,False,0.0
goal_mug_task9_init0_adaptive_confirm,libero_goal_with_mug,9,0,762619,True,True,action_l1,action_l1_replay,False,0.0
goal_mug_task9_init0_adaptive_confirm,libero_goal_with_mug,9,0,762716,True,True,action_l1,action_l1_replay,False,0.0
goal_mug_task9_init0_adaptive_confirm,libero_goal_with_mug,9,0,762813,True,True,action_l1,action_l1_replay,False,0.0
long_milk_task9_init0_adaptive_confirm,libero_10_with_milk,9,0,750000,True,True,action_l1,action_l1_replay,False,0.0
long_milk_task9_init0_adaptive_confirm,libero_10_with_milk,9,0,750097,True,True,action_l1,action_l1_replay,False,0.0
long_milk_task9_init0_adaptive_confirm,libero_10_with_milk,9,0,750194,True,True,action_l1,action_l1_replay,False,0.0
long_milk_task9_init0_adaptive_confirm,libero_10_with_milk,9,0,750291,True,True,action_l1,action_l1_replay,False,0.0
long_milk_task9_init0_adaptive_confirm,libero_10_with_milk,9,0,750388,False,False,action_l1,action_l1_replay,False,0.0
long_milk_task9_init0_adaptive_confirm,libero_10_with_milk,9,0,750485,True,True,action_l1,action_l1_replay,False,0.0
long_milk_task9_init0_adaptive_confirm,libero_10_with_milk,9,0,750582,False,False,action_l1,action_l1_replay,False,0.0
long_milk_task9_init0_adaptive_confirm,libero_10_with_milk,9,0,750679,False,False,action_l1,action_l1_replay,False,0.0
long_milk_task9_init0_adaptive_confirm,libero_10_with_milk,9,0,750776,True,True,action_l1,action_l1_replay,False,0.0
long_milk_task9_init0_adaptive_confirm,libero_10_with_milk,9,0,750873,True,True,action_l1,action_l1_replay,False,0.0
long_milk_task9_init0_adaptive_confirm,libero_10_with_milk,9,0,750970,False,False,action_l1,action_l1_replay,False,0.0
long_milk_task9_init0_adaptive_confirm,libero_10_with_milk,9,0,751067,False,False,action_l1,action_l1_replay,False,0.0
long_milk_task9_init0_adaptive_confirm,libero_10_with_milk,9,0,751164,True,True,action_l1,action_l1_replay,False,0.0
long_milk_task9_init0_adaptive_confirm,libero_10_with_milk,9,0,751261,True,True,action_l1,action_l1_replay,False,0.0
long_milk_task9_init0_adaptive_confirm,libero_10_with_milk,9,0,751358,True,True,action_l1,action_l1_replay,False,0.0
long_milk_task9_init0_adaptive_confirm,libero_10_with_milk,9,0,751455,True,True,action_l1,action_l1_replay,False,0.0
long_milk_task9_init0_adaptive_confirm,libero_10_with_milk,9,0,751552,True,True,action_l1,action_l1_replay,False,0.0
long_milk_task9_init0_adaptive_confirm,libero_10_with_milk,9,0,751649,True,True,action_l1,action_l1_replay,False,0.0
long_milk_task9_init0_adaptive_confirm,libero_10_with_milk,9,0,751746,True,True,action_l1,action_l1_replay,False,0.0
long_milk_task9_init0_adaptive_confirm,libero_10_with_milk,9,0,751843,False,False,action_l1,action_l1_replay,False,0.0
long_milk_task9_init0_adaptive_confirm,libero_10_with_milk,9,0,751940,True,True,action_l1,action_l1_replay,False,0.0
long_milk_task9_init0_adaptive_confirm,libero_10_with_milk,9,0,752037,True,True,action_l1,action_l1_replay,False,0.0
long_milk_task9_init0_adaptive_confirm,libero_10_with_milk,9,0,752134,True,True,action_l1,action_l1_replay,False,0.0
long_milk_task9_init0_adaptive_confirm,libero_10_with_milk,9,0,752231,True,True,action_l1,action_l1_replay,False,0.0
long_milk_task9_init0_adaptive_confirm,libero_10_with_milk,9,0,752328,True,True,action_l1,action_l1_replay,False,0.0
long_milk_task9_init0_adaptive_confirm,libero_10_with_milk,9,0,752425,True,True,action_l1,action_l1_replay,False,0.0
long_milk_task9_init0_adaptive_confirm,libero_10_with_milk,9,0,752522,True,True,action_l1,action_l1_replay,False,0.0
long_milk_task9_init0_adaptive_confirm,libero_10_with_milk,9,0,752619,True,True,action_l1,action_l1_replay,False,0.0
long_milk_task9_init0_adaptive_confirm,libero_10_with_milk,9,0,752716,False,False,action_l1,action_l1_replay,False,0.0
long_milk_task9_init0_adaptive_confirm,libero_10_with_milk,9,0,752813,True,True,action_l1,action_l1_replay,False,0.0
spatial_mug_task0_init0_adaptive_confirm,libero_spatial_with_mug,0,0,740000,True,True,action_l1,action_l1_replay,False,0.0
spatial_mug_task0_init0_adaptive_confirm,libero_spatial_with_mug,0,0,740097,True,True,action_l1,action_l1_replay,False,0.0
spatial_mug_task0_init0_adaptive_confirm,libero_spatial_with_mug,0,0,740194,True,True,action_l1,action_l1_replay,False,0.0
spatial_mug_task0_init0_adaptive_confirm,libero_spatial_with_mug,0,0,740291,True,True,action_l1,action_l1_replay,False,0.0
spatial_mug_task0_init0_adaptive_confirm,libero_spatial_with_mug,0,0,740388,False,False,action_l1,action_l1_replay,False,0.0
spatial_mug_task0_init0_adaptive_confirm,libero_spatial_with_mug,0,0,740485,True,True,action_l1,action_l1_replay,False,0.0
spatial_mug_task0_init0_adaptive_confirm,libero_spatial_with_mug,0,0,740582,True,True,action_l1,action_l1_replay,False,0.0
spatial_mug_task0_init0_adaptive_confirm,libero_spatial_with_mug,0,0,740679,True,True,action_l1,action_l1_replay,False,0.0
spatial_mug_task0_init0_adaptive_confirm,libero_spatial_with_mug,0,0,740776,True,True,action_l1,action_l1_replay,False,0.0
spatial_mug_task0_init0_adaptive_confirm,libero_spatial_with_mug,0,0,740873,False,False,action_l1,action_l1_replay,False,0.0
spatial_mug_task0_init0_adaptive_confirm,libero_spatial_with_mug,0,0,740970,True,True,action_l1,action_l1_replay,False,0.0
spatial_mug_task0_init0_adaptive_confirm,libero_spatial_with_mug,0,0,741067,True,True,action_l1,action_l1_replay,False,0.0
spatial_mug_task0_init0_adaptive_confirm,libero_spatial_with_mug,0,0,741164,True,True,action_l1,action_l1_replay,False,0.0
spatial_mug_task0_init0_adaptive_confirm,libero_spatial_with_mug,0,0,741261,True,True,action_l1,action_l1_replay,False,0.0
spatial_mug_task0_init0_adaptive_confirm,libero_spatial_with_mug,0,0,741358,True,True,action_l1,action_l1_replay,False,0.0
spatial_mug_task0_init0_adaptive_confirm,libero_spatial_with_mug,0,0,741455,True,True,action_l1,action_l1_replay,False,0.0
spatial_mug_task0_init0_adaptive_confirm,libero_spatial_with_mug,0,0,741552,True,True,action_l1,action_l1_replay,False,0.0
spatial_mug_task0_init0_adaptive_confirm,libero_spatial_with_mug,0,0,741649,True,True,action_l1,action_l1_replay,False,0.0
spatial_mug_task0_init0_adaptive_confirm,libero_spatial_with_mug,0,0,741746,False,False,action_l1,action_l1_replay,False,0.0
spatial_mug_task0_init0_adaptive_confirm,libero_spatial_with_mug,0,0,741843,True,True,action_l1,action_l1_replay,False,0.0
spatial_mug_task0_init0_adaptive_confirm,libero_spatial_with_mug,0,0,741940,False,False,action_l1,action_l1_replay,False,0.0
spatial_mug_task0_init0_adaptive_confirm,libero_spatial_with_mug,0,0,742037,True,True,action_l1,action_l1_replay,False,0.0
spatial_mug_task0_init0_adaptive_confirm,libero_spatial_with_mug,0,0,742134,True,True,action_l1,action_l1_replay,False,0.0
spatial_mug_task0_init0_adaptive_confirm,libero_spatial_with_mug,0,0,742231,True,True,action_l1,action_l1_replay,False,0.0
spatial_mug_task0_init0_adaptive_confirm,libero_spatial_with_mug,0,0,742328,True,True,action_l1,action_l1_replay,False,0.0
spatial_mug_task0_init0_adaptive_confirm,libero_spatial_with_mug,0,0,742425,True,True,action_l1,action_l1_replay,False,0.0
spatial_mug_task0_init0_adaptive_confirm,libero_spatial_with_mug,0,0,742522,True,True,action_l1,action_l1_replay,False,0.0
spatial_mug_task0_init0_adaptive_confirm,libero_spatial_with_mug,0,0,742619,True,True,action_l1,action_l1_replay,False,0.0
spatial_mug_task0_init0_adaptive_confirm,libero_spatial_with_mug,0,0,742716,True,True,action_l1,action_l1_replay,False,0.0
spatial_mug_task0_init0_adaptive_confirm,libero_spatial_with_mug,0,0,742813,True,True,action_l1,action_l1_replay,False,0.0
long_mug_task4_init0_adaptive_confirm,libero_10_with_mug,4,0,730000,True,True,action_l1,action_l1_replay,False,8.797645568847656e-05
long_mug_task4_init0_adaptive_confirm,libero_10_with_mug,4,0,730097,True,True,action_l1,action_l1_replay,False,0.00014919042587280273
long_mug_task4_init0_adaptive_confirm,libero_10_with_mug,4,0,730194,True,True,action_l1,action_l1_replay,False,0.00011140108108520508
long_mug_task4_init0_adaptive_confirm,libero_10_with_mug,4,0,730291,True,True,action_l1,action_l1_replay,False,0.0002694129943847656
long_mug_task4_init0_adaptive_confirm,libero_10_with_mug,4,0,730388,True,True,action_l1,action_l1_replay,False,0.0001283884048461914
long_mug_task4_init0_adaptive_confirm,libero_10_with_mug,4,0,730485,True,True,action_l1,action_l1_replay,False,0.00021004676818847656
long_mug_task4_init0_adaptive_confirm,libero_10_with_mug,4,0,730582,True,True,action_l1,action_l1_replay,False,0.0001468062400817871
long_mug_task4_init0_adaptive_confirm,libero_10_with_mug,4,0,730679,True,True,action_l1,action_l1_replay,False,0.00012066960334777832
long_mug_task4_init0_adaptive_confirm,libero_10_with_mug,4,0,730776,True,True,action_l1,action_l1_replay,False,0.00022208690643310547
long_mug_task4_init0_adaptive_confirm,libero_10_with_mug,4,0,730873,True,False,action_l1,action_l1_replay,True,0.00021842122077941895
long_mug_task4_init0_adaptive_confirm,libero_10_with_mug,4,0,730970,True,True,action_l1,action_l1_replay,False,0.00010502338409423828
long_mug_task4_init0_adaptive_confirm,libero_10_with_mug,4,0,731067,False,True,action_l1,action_l1_replay,True,0.00016239285469055176
long_mug_task4_init0_adaptive_confirm,libero_10_with_mug,4,0,731164,False,True,action_l1,action_l1_replay,True,0.00041985511779785156
long_mug_task4_init0_adaptive_confirm,libero_10_with_mug,4,0,731261,True,True,action_l1,action_l1_replay,False,0.00025773048400878906
long_mug_task4_init0_adaptive_confirm,libero_10_with_mug,4,0,731358,True,True,action_l1,action_l1_replay,False,0.00012427568435668945
long_mug_task4_init0_adaptive_confirm,libero_10_with_mug,4,0,731455,False,True,action_l1,action_l1_replay,True,0.00011527538299560547
long_mug_task4_init0_adaptive_confirm,libero_10_with_mug,4,0,731552,False,False,action_l1,action_l1_replay,False,0.0001742839813232422
long_mug_task4_init0_adaptive_confirm,libero_10_with_mug,4,0,731649,True,True,action_l1,action_l1_replay,False,0.00032910704612731934
long_mug_task4_init0_adaptive_confirm,libero_10_with_mug,4,0,731746,True,True,action_l1,action_l1_replay,False,0.0002155303955078125
long_mug_task4_init0_adaptive_confirm,libero_10_with_mug,4,0,731843,False,True,action_l1,action_l1_replay,True,0.0001665949821472168
long_mug_task4_init0_adaptive_confirm,libero_10_with_mug,4,0,731940,True,True,action_l1,action_l1_replay,False,0.00012436509132385254
long_mug_task4_init0_adaptive_confirm,libero_10_with_mug,4,0,732037,True,True,action_l1,action_l1_replay,False,6.99758529663086e-05
long_mug_task4_init0_adaptive_confirm,libero_10_with_mug,4,0,732134,True,True,action_l1,action_l1_replay,False,0.00013145804405212402
long_mug_task4_init0_adaptive_confirm,libero_10_with_mug,4,0,732231,True,True,action_l1,action_l1_replay,False,0.0002733170986175537
long_mug_task4_init0_adaptive_confirm,libero_10_with_mug,4,0,732328,True,False,action_l1,action_l1_replay,True,0.00017151236534118652
long_mug_task4_init0_adaptive_confirm,libero_10_with_mug,4,0,732425,True,True,action_l1,action_l1_replay,False,0.00015240907669067383
long_mug_task4_init0_adaptive_confirm,libero_10_with_mug,4,0,732522,True,True,action_l1,action_l1_replay,False,0.0003402233123779297
long_mug_task4_init0_adaptive_confirm,libero_10_with_mug,4,0,732619,False,True,action_l1,action_l1_replay,True,0.00022652745246887207
long_mug_task4_init0_adaptive_confirm,libero_10_with_mug,4,0,732716,True,False,action_l1,action_l1_replay,True,0.0002549290657043457
long_mug_task4_init0_adaptive_confirm,libero_10_with_mug,4,0,732813,True,True,action_l1,action_l1_replay,False,0.00012066960334777832
milk_task5_init0_adaptive_confirm,libero_spatial_with_milk,5,0,710000,True,True,action_l1,action_l1_replay,False,0.0
milk_task5_init0_adaptive_confirm,libero_spatial_with_milk,5,0,710097,True,True,action_l1,action_l1_replay,False,0.0
milk_task5_init0_adaptive_confirm,libero_spatial_with_milk,5,0,710194,False,False,action_l1,action_l1_replay,False,0.0
milk_task5_init0_adaptive_confirm,libero_spatial_with_milk,5,0,710291,False,False,action_l1,action_l1_replay,False,0.0
milk_task5_init0_adaptive_confirm,libero_spatial_with_milk,5,0,710388,True,True,action_l1,action_l1_replay,False,0.0
milk_task5_init0_adaptive_confirm,libero_spatial_with_milk,5,0,710485,True,True,action_l1,action_l1_replay,False,0.0
milk_task5_init0_adaptive_confirm,libero_spatial_with_milk,5,0,710582,True,True,action_l1,action_l1_replay,False,0.0
milk_task5_init0_adaptive_confirm,libero_spatial_with_milk,5,0,710679,True,True,action_l1,action_l1_replay,False,0.0
milk_task5_init0_adaptive_confirm,libero_spatial_with_milk,5,0,710776,True,True,action_l1,action_l1_replay,False,0.0
milk_task5_init0_adaptive_confirm,libero_spatial_with_milk,5,0,710873,True,True,action_l1,action_l1_replay,False,0.0
milk_task5_init0_adaptive_confirm,libero_spatial_with_milk,5,0,710970,True,True,action_l1,action_l1_replay,False,0.0
milk_task5_init0_adaptive_confirm,libero_spatial_with_milk,5,0,711067,True,True,action_l1,action_l1_replay,False,0.0
milk_task5_init0_adaptive_confirm,libero_spatial_with_milk,5,0,711164,True,True,action_l1,action_l1_replay,False,0.0
milk_task5_init0_adaptive_confirm,libero_spatial_with_milk,5,0,711261,False,False,action_l1,action_l1_replay,False,0.0
milk_task5_init0_adaptive_confirm,libero_spatial_with_milk,5,0,711358,True,True,action_l1,action_l1_replay,False,0.0
milk_task5_init0_adaptive_confirm,libero_spatial_with_milk,5,0,711455,False,False,action_l1,action_l1_replay,False,0.0
milk_task5_init0_adaptive_confirm,libero_spatial_with_milk,5,0,711552,False,False,action_l1,action_l1_replay,False,0.0
milk_task5_init0_adaptive_confirm,libero_spatial_with_milk,5,0,711649,False,False,action_l1,action_l1_replay,False,0.0
milk_task5_init0_adaptive_confirm,libero_spatial_with_milk,5,0,711746,True,True,action_l1,action_l1_replay,False,0.0
milk_task5_init0_adaptive_confirm,libero_spatial_with_milk,5,0,711843,True,True,action_l1,action_l1_replay,False,0.0
milk_task5_init0_adaptive_confirm,libero_spatial_with_milk,5,0,711940,False,False,action_l1,action_l1_replay,False,0.0
milk_task5_init0_adaptive_confirm,libero_spatial_with_milk,5,0,712037,False,False,action_l1,action_l1_replay,False,0.0
milk_task5_init0_adaptive_confirm,libero_spatial_with_milk,5,0,712134,False,False,action_l1,action_l1_replay,False,0.0
milk_task5_init0_adaptive_confirm,libero_spatial_with_milk,5,0,712231,True,True,action_l1,action_l1_replay,False,0.0
milk_task5_init0_adaptive_confirm,libero_spatial_with_milk,5,0,712328,False,False,action_l1,action_l1_replay,False,0.0
milk_task5_init0_adaptive_confirm,libero_spatial_with_milk,5,0,712425,True,True,action_l1,action_l1_replay,False,0.0
milk_task5_init0_adaptive_confirm,libero_spatial_with_milk,5,0,712522,True,True,action_l1,action_l1_replay,False,0.0
milk_task5_init0_adaptive_confirm,libero_spatial_with_milk,5,0,712619,True,True,action_l1,action_l1_replay,False,0.0
milk_task5_init0_adaptive_confirm,libero_spatial_with_milk,5,0,712716,False,False,action_l1,action_l1_replay,False,0.0
milk_task5_init0_adaptive_confirm,libero_spatial_with_milk,5,0,712813,False,False,action_l1,action_l1_replay,False,0.0
yellow_task8_init0_adaptive_confirm,libero_spatial_with_yellow_book,8,0,720000,True,False,action_l1,action_l1_replay,True,0.0012707710266113281
yellow_task8_init0_adaptive_confirm,libero_spatial_with_yellow_book,8,0,720097,False,False,action_l1,action_l1_replay,False,0.0016879439353942871
yellow_task8_init0_adaptive_confirm,libero_spatial_with_yellow_book,8,0,720194,True,False,action_l1,action_l1_replay,True,0.0009130239486694336
yellow_task8_init0_adaptive_confirm,libero_spatial_with_yellow_book,8,0,720291,True,True,action_l1,action_l1_replay,False,0.0007346272468566895
yellow_task8_init0_adaptive_confirm,libero_spatial_with_yellow_book,8,0,720388,False,True,action_l1,action_l1_replay,True,0.001050800085067749
yellow_task8_init0_adaptive_confirm,libero_spatial_with_yellow_book,8,0,720485,True,True,action_l1,action_l1_replay,False,0.0010766685009002686
yellow_task8_init0_adaptive_confirm,libero_spatial_with_yellow_book,8,0,720582,False,False,action_l1,action_l1_replay,False,0.0008873343467712402
yellow_task8_init0_adaptive_confirm,libero_spatial_with_yellow_book,8,0,720679,True,True,action_l1,action_l1_replay,False,0.0007274150848388672
yellow_task8_init0_adaptive_confirm,libero_spatial_with_yellow_book,8,0,720776,True,False,action_l1,action_l1_replay,True,0.0007135272026062012
yellow_task8_init0_adaptive_confirm,libero_spatial_with_yellow_book,8,0,720873,False,False,action_l1,action_l1_replay,False,0.0005179941654205322
yellow_task8_init0_adaptive_confirm,libero_spatial_with_yellow_book,8,0,720970,True,True,action_l1,action_l1_replay,False,0.0006658434867858887
yellow_task8_init0_adaptive_confirm,libero_spatial_with_yellow_book,8,0,721067,False,False,action_l1,action_l1_replay,False,0.0004852712154388428
yellow_task8_init0_adaptive_confirm,libero_spatial_with_yellow_book,8,0,721164,False,False,action_l1,action_l1_replay,False,0.0002547800540924072
yellow_task8_init0_adaptive_confirm,libero_spatial_with_yellow_book,8,0,721261,False,False,action_l1,action_l1_replay,False,0.0009545385837554932
yellow_task8_init0_adaptive_confirm,libero_spatial_with_yellow_book,8,0,721358,False,False,action_l1,action_l1_replay,False,0.0011962354183197021
yellow_task8_init0_adaptive_confirm,libero_spatial_with_yellow_book,8,0,721455,True,False,action_l1,action_l1_replay,True,0.0011331140995025635
yellow_task8_init0_adaptive_confirm,libero_spatial_with_yellow_book,8,0,721552,True,True,action_l1,action_l1_replay,False,0.0007401108741760254
yellow_task8_init0_adaptive_confirm,libero_spatial_with_yellow_book,8,0,721649,True,False,action_l1,action_l1_replay,True,0.0014681816101074219
yellow_task8_init0_adaptive_confirm,libero_spatial_with_yellow_book,8,0,721746,True,True,action_l1,action_l1_replay,False,0.00046902894973754883
yellow_task8_init0_adaptive_confirm,libero_spatial_with_yellow_book,8,0,721843,False,False,action_l1,action_l1_replay,False,0.001082390546798706
yellow_task8_init0_adaptive_confirm,libero_spatial_with_yellow_book,8,0,721940,True,False,action_l1,action_l1_replay,True,0.00202864408493042
yellow_task8_init0_adaptive_confirm,libero_spatial_with_yellow_book,8,0,722037,False,False,action_l1,action_l1_replay,False,0.0008378922939300537
yellow_task8_init0_adaptive_confirm,libero_spatial_with_yellow_book,8,0,722134,False,False,action_l1,action_l1_replay,False,0.001383662223815918
yellow_task8_init0_adaptive_confirm,libero_spatial_with_yellow_book,8,0,722231,False,True,action_l1,action_l1_replay,True,0.0007659196853637695
yellow_task8_init0_adaptive_confirm,libero_spatial_with_yellow_book,8,0,722328,False,False,action_l1,action_l1_replay,False,0.0007442235946655273
yellow_task8_init0_adaptive_confirm,libero_spatial_with_yellow_book,8,0,722425,False,False,action_l1,action_l1_replay,False,0.0009820759296417236
yellow_task8_init0_adaptive_confirm,libero_spatial_with_yellow_book,8,0,722522,False,False,action_l1,action_l1_replay,False,0.0004793405532836914
yellow_task8_init0_adaptive_confirm,libero_spatial_with_yellow_book,8,0,722619,True,False,action_l1,action_l1_replay,True,0.0014459788799285889
yellow_task8_init0_adaptive_confirm,libero_spatial_with_yellow_book,8,0,722716,False,False,action_l1,action_l1_replay,False,0.0008354783058166504
yellow_task8_init0_adaptive_confirm,libero_spatial_with_yellow_book,8,0,722813,False,False,action_l1,action_l1_replay,False,0.00111350417137146
