factor,candidate,reference,paired_episodes,delta_success_rate,ci95_low,ci95_high,wins,losses,ties,mcnemar_p
Object,Cosmos Policy + max(value),Cosmos Policy (no planning),100,0.06000000000000001,0.0,0.13,7,1,92,0.0703125
Object,Ours: risk-aware + adaptive requery,Cosmos Policy (no planning),100,0.01,-0.04,0.06000000000000001,6,5,89,1.0
Object,Ours: risk-aware + adaptive requery,Cosmos Policy + max(value),100,-0.05,-0.11000000000000001,0.0,0,5,95,0.0625
Position,Cosmos Policy + max(value),Cosmos Policy (no planning),99,-0.01777777777777778,-0.06999999999999999,0.04666666666666667,2,4,93,0.6875
Position,Ours: risk-aware + adaptive requery,Cosmos Policy (no planning),99,-0.0588888888888889,-0.1388888888888889,0.013333333333333327,2,8,89,0.109375
Position,Ours: risk-aware + adaptive requery,Cosmos Policy + max(value),99,-0.04111111111111111,-0.10333333333333335,0.02,3,7,89,0.34375
Environment,Cosmos Policy + max(value),Cosmos Policy (no planning),100,0.01,-0.02,0.04,3,2,95,1.0
Environment,Ours: risk-aware + adaptive requery,Cosmos Policy (no planning),100,0.030000000000000006,-0.010000000000000004,0.08,5,2,93,0.453125
Environment,Ours: risk-aware + adaptive requery,Cosmos Policy + max(value),100,0.02,0.0,0.05,3,1,96,0.625
